cancer.type	cancer.subtype	nsamples	ABCD4	ADA	AGA	ANPEP	ARL8A	ATG9B	ATP6V1C1	B4GALT1	BBC3	BCL10	CD68	CLCN6	CLCN7	CPNE1	CP	CTNS	CTSD	DAB2	EGF	FLCN	FTL	GABARAPL1	GBA	GNLY	GOPC	GPC3	GRN	HSP90AA1	LAMP1	LAPTM5	LRP1	MAN2B1	MAP1LC3B2	MAP1LC3B	MCOLN1	NEU1	PIGR	PRKD1	PSAP	RAB7A	RILP	RNF13	RNF152	RPTOR	RRAGD	SGSH	SLC11A1	SLC15A4	SLC17A5	SLC36A1	SPNS1	SQSTM1	TMEM150A	TOM1	TP53INP1	TP53INP2	UBXN6	VAMP4	VAMP7	VCAN	VPS18	WDR24	WDR81	WIPI1	ZFYVE1	ATP6V0D2
1	BLCA	BLCA.3	31	0.0371042556445055	-0.303225806451613	0.0455645161290323	-0.0508064516129032	-0.266935483870968	0.157878819231617	-0.0814516129032258	-0.138306451612903	-0.40366972682209	-0.224193548387097	-0.0405323662203565	0.240145177145409	0.107661290322581	0.212903225806452	-0.225224318112025	0.30873160538988	-0.191935483870968	-0.238306451612903	0.0809202230521575	0.355277751578682	-0.0248008873122463	-0.286924086547369	-0.194354838709677	-0.0383064516129032	0.215725806451613	-0.0842741935483871	-0.280241935483871	0.369780176657074	0.294615855959905	-0.354838709677419	-0.202258523975212	-0.267741935483871	-0.100675905257817	-0.319991936297031	0.0193548387096774	0.00483870967741936	-0.062915911745031	-0.0225829217802568	-0.434493247379996	-0.209677419354839	-0.219758064516129	-0.113709677419355	-0.0568548387096774	0.568548387096774	-0.195382600045257	0.173387096774194	-0.0625	0.193548387096774	0.104838709677419	-0.236693548387097	0.346370967741936	-0.173790322580645	-0.0683536650313129	-0.183467741935484	-0.0955645161290323	-0.113306451612903	-0.030241935483871	0.129058280502628	-0.0415322580645161	-0.260887096774194	0.00806451612903226	-0.0939516129032258	0.00604838709677419	-0.211290322580645	-0.196774193548387	NA
2	BRCA	BRCA.Basal	187	-0.0685884719216678	-0.00933269531023529	-0.199854380758263	0.0458296458299259	0.0129194105886437	0.0240949815230349	0.0846929478057046	0.00742782871152411	0.00468193575679381	0.00901429542107477	-0.012357885951536	-0.115578435843925	-0.131079896296019	-0.0665094556031675	0.0561972710435306	0.128873043321919	0.0530452219769318	-0.183707213589193	-0.0114456255965811	0.091687530079802	0.0251342484825892	-0.166378089813995	0.0159813549330249	0.0847132273513529	-0.0316453024783682	-0.0428442311592425	-0.0519687156425229	0.17339166810569	-0.0173601584848092	-0.00851923813633298	-0.226480606046243	-0.0233247280196349	0.0579553615703681	-0.148229472381271	0.113285463328921	0.246962030369149	-0.0565844348449727	-0.0455874492777626	0.00919930118701076	-0.118754777210169	-0.00954469107563604	0.0748445975364791	-0.0799866768395689	0.542079249938465	0.0580874465857795	0.26031742536239	0.0987199838506923	0.105719990420898	-0.0850443394231932	-0.0158704306332963	0.0804677385239677	0.0501900530131089	-0.0943266553480024	-0.0318205445709252	-0.107926317050032	-0.147571775021648	0.00484984341580397	-0.119844066637943	0.0649568602838695	-0.229578466366314	-0.0218561610526412	-0.112437725123008	-0.0444134915055283	0.239535523889047	-0.0666477645757142	0.0799921451811018
3	BRCA	BRCA.Her2	82	-0.124400716149447	0.167263466090295	0.0994242427599458	0.115584917367202	-0.0631594986941815	-0.0966291890759685	0.102590335219852	-0.057620200832193	-0.0953744013931215	-0.0367276526758004	0.119944705889898	-0.0875068704982283	-0.17584893339138	0.218261763924847	-0.00232911227086453	-0.0368915131697617	-0.114225535024232	-0.0727575492090159	-0.0711047742493689	0.224577977570741	0.137451763429044	-0.0619609166263167	-0.110992599042229	0.0844049478499702	-0.0352089682194166	-0.0264373758635053	0.0954324555937814	0.088116168582292	0.0736737848190397	0.11285495053945	-0.100180127233347	-0.000391813279210856	-0.0617482183162063	-0.112495170306249	-0.206086265644179	0.0793643883326078	0.0458330159043595	-0.107534488897255	0.124661801798446	-0.0541218599494166	0.0497393310796883	-0.0910208968219417	0.112711619986323	0.556472809799218	0.00937096958530193	0.652793347811279	-0.0574560019189659	0.0433609055289508	-0.189736612973444	0.138996517196343	0.091483989136465	-0.0137570744449282	0.109676857612696	-0.137950925388822	-0.064279145194981	-0.15107831453377	-0.0935029032605446	-0.227031056985605	0.0170767146101495	-0.119131452249484	-0.117075984568644	-0.0496734871571615	-0.0260339573356552	-0.0976714065720088	-0.157583112501069	-0.18344045442641
4	BRCA	BRCA.LumA	556	-0.103801429259847	-0.00859010869553334	0.076312724428034	0.080746188521267	-0.0419542291382531	0.0161500329485307	0.380138301221684	-0.110959488276353	0.0178866659896888	-0.00490029998350002	0.0190076246467546	-0.24364400914802	0.139920218714783	0.0257504091038133	-0.0495914515528515	0.149247733867641	-0.11562787099213	-0.0744658197791632	-0.0852031970250664	-0.142207520523284	-0.00251790824977882	-0.141461549932956	-0.038012738920208	-0.0646810282889098	-0.0389035446762504	-0.112929608913279	0.140413223899587	0.257634134249214	-0.0107794936099992	-0.0787752229225875	-0.0887450316008509	-0.177814001374481	0.0193411020481879	0.0202947649554433	0.0420225324351167	0.148381895657379	-0.155502367958994	0.0559798136463105	-0.0781049726269038	0.166287143497049	-0.0811206570662987	0.170054712885728	0.046165589316975	0.36034267629972	-0.0834687752404453	0.153740698432483	0.0882980375442285	0.258231515603302	-0.174984745050372	0.144349642627408	0.194971901439855	0.104552338647105	0.175727497926724	-0.083850557062869	0.0733478910361748	-0.0853001787585405	-0.295960365549758	-0.171196320128351	0.19467586455353	0.0430840447292436	0.10169544420442	0.230113827615925	-0.135095201897801	0.131466644050722	-0.100385028739911	0.141585793932649
5	BRCA	BRCA.LumB	207	0.0527814899489709	0.128005019506196	-0.0163507912922965	0.0290739147890816	-0.0848640827139857	0.0744199859661999	0.282897440520037	-0.0897719020477112	0.0119124407363747	-0.00556369208084387	-0.0378678406431598	-0.0410813553317184	-0.0336713012102189	0.159263656350414	0.0455229163756552	0.0394059428049902	-0.131208011819767	-0.153761802404756	-0.0545400304215967	-0.0602743599582341	-0.0111107729969379	-0.0167403968407259	-0.0976234092699567	-0.146415761664234	-0.0685388591502671	-0.000193134034343535	0.00153697171260247	0.151340683560842	-0.0547771127232941	-0.099757145273127	-0.127080423069975	-0.167064490804843	0.0758005551479183	0.00536106701807336	0.149155536073691	0.096542871638762	-0.0818361362873416	-0.0634534395316053	-0.0486580875453828	0.124668479886223	-0.0947589633408864	0.127423520080548	-0.0142090213367045	0.416605868364025	0.0810177480855573	0.288934069970687	0.0967857809679448	0.103804919892294	-0.1046365988962	0.0262872705725984	0.275016954687377	0.0922842809242314	0.0739606012936993	-0.0912420091324201	-0.10962478306302	-0.188038093666139	-0.210984076431015	-0.10162837980223	0.0469954337899543	-0.0973418880520251	-0.168541294463962	-0.0339645194972468	-0.0679459279187897	0.0771351259935735	-0.105538038584863	-0.0494308115745587
6	COAD	GI.CIN	225	0.0343610580472549	0.275583881579754	0.203095106155248	0.0209746042833144	-0.234690354151733	-0.00477041081089328	0.267456352534145	-0.16528400381385	-0.166834001708344	-0.0732044766403435	-0.160810370605875	-0.142261895990347	-0.0458025078626253	0.0780795666215666	-0.0159979434110161	0.105795255479751	-0.251343470456172	-0.215326067890082	0.25666337491936	-0.015804548884969	0.00423765979508295	-0.244241623084628	-0.0511616048683488	0.0615499941172336	-0.156220032117403	-0.0670471195818929	0.117280627425632	0.0637467845364461	0.0159963800480272	-0.0520956546130494	-0.46723396099749	-0.303374174958949	0.122042144964404	-0.0441987567889885	-0.0039123047438982	0.247617457300705	0.107909200690526	-0.259939778840832	-0.182554188654408	0.0278197950322241	0.101438442292239	0.222881757700069	-0.244068099479957	0.183631398171825	0.00550113362678886	0.122558546553665	0.0477547422359085	0.172322426377883	-0.0914437798450684	-0.00499137025785762	0.197144873437092	-0.14439473529466	0.112435579659959	-0.0873383228466664	-0.254962770988651	-0.243076216405162	-0.0861561047537282	-0.137620258329996	0.261314530719525	-0.282207595219436	-0.206786839309223	0.13452916215962	-0.286978027405643	0.163419443096835	-0.189472647323254	0.0639793752181442
7	COAD	GI.MSI	62	-0.0335444552200561	0.377085510688821	0.211488579415246	-0.152435876461711	-0.213719984403157	-0.0428321355702625	0.0413497859612351	-0.427983228228692	-0.131420224899296	0.0829912614268805	-0.198516542221246	-0.439547709587247	-0.313098880645326	0.146742552066282	-0.243905510301985	-0.0267067919111536	-0.0812335513428099	-0.352409373099871	0.0715077256704268	-0.0599375440907305	0.0155041693626327	-0.308310249405239	-0.039587504252751	0.174015966153769	-0.261335448716872	0.183059042788729	-0.102801737780334	0.219940566971218	-0.23800949420777	-0.150568503770482	-0.537579168755392	-0.263815963455356	0.217904966247616	0.0958221058198393	-0.129089123372535	0.269532479654704	0.114205821524087	-0.202123105397351	-0.131051334463539	-0.167564913200193	0.399624765510105	0.103552046747654	-0.331112985910884	-0.416469403305059	-0.0524334194166229	-0.297971467089867	-0.188700152375285	0.047621446019794	-0.0289599597170648	-0.398504098650275	0.321226627313621	0.00282055479327799	0.13971819636702	-0.21526335009702	-0.455054835780668	-0.368975069369073	0.0811634349287825	0.0141027739663899	0.420755738584583	-0.266305716528661	-0.00501139525845894	0.304506591811793	-0.556428562478791	0.0323596071621115	-0.289250683108841	0.24114433331386
8	ESCA	GI.CIN	67	0.0290129800176066	0.0269774124032245	-0.0272966717216059	-0.0215903422172086	-0.00301303987803205	0.0268981342964854	0.0136484720302909	-0.101528515066686	0.0155242941266065	0.140434192672999	0.0579895237134002	-0.122377308423646	-0.11828793776674	-0.0243435230265783	-0.13109716555411	-0.0745285842710481	-0.0882675775440945	-0.043339452470269	0.111378363109919	-0.0775616083163491	0.0671725413172041	-0.0475701130412477	-0.0107751094975981	-0.0617174327334645	-0.0503237521350784	-0.010375927847394	-0.0899158910394807	0.436123412853858	0.0179586950050718	-0.00568686334595453	-0.269101067598221	-0.191140377170648	0.0855734507142386	0.113137520951393	-0.053954824806449	0.136802617926411	0.0273013025930823	0.0313687928792862	-0.248812432371553	0.138605365992062	-0.0661471999713659	-0.0798946444249342	-0.13802117110164	0.279391810998484	0.0990901109426132	0.266404605374874	0.0154042621119004	0.218014207039668	-0.137081969829994	0.043100007981483	-0.0309700078379066	0.070995999245285	0.058185010775002	-0.204086519275281	-0.223561337696544	-0.193231702450315	-0.0592431483303123	-0.12349472718636	0.122914837576822	-0.0776598291962647	0.0210114635203162	-0.0792768704332539	-0.234199000320942	0.0110146662697774	-0.310918668688642	NA
9	ESCA	GI.ESCC	78	-0.00584236982718517	0.228652001547381	0.132212906407679	-0.029983433868255	-0.0401504852842271	-0.126138145591552	0.125282159908925	-0.109829659698775	0.0662017160610883	0.0387215073827727	0.301205809691816	-0.192787996437687	-0.0419206353254389	0.183692050901154	-0.0210240781037601	0.188789478679756	-0.165441013902445	-0.109664569570021	0.157804882703809	0.0375707375683271	0.165425135855382	-0.146692464306941	-0.0758618073355379	0.223214229263471	0.088520754957351	0.0136955119693463	-0.146657477023272	0.35357324369131	-0.0921075927029996	-0.11534181442031	-0.396327583622161	-0.200327535113278	0.0942028986185214	0.178673950706274	0.128760575135627	0.207429420509347	-0.175692850535242	-0.11775789573755	-0.319065116269756	0.0964861806733454	0.186970844692109	0.277257897288159	-0.0422747161064683	0.10517530271147	-0.302766273598414	0.0209667731027554	0.120965141352883	0.112471942084383	-0.123646089548671	0.124789761877664	0.241816055277926	0.0765578072159719	-0.0671497401267119	-0.107830243565616	-0.333120459308727	-0.385786095926273	-0.0791823159705097	0.077518889698366	0.00787207405440267	-0.159108728103974	-0.270459618223208	0.176937376715044	-0.1509016414294	0.180153521251438	-0.113383875110548	NA
10	GBM	GBM_LGG.Classic-like	45	0.222741946593134	0.267483612993731	0.0835337132769777	0.303419654079483	0.225955204216074	0.132086037161152	-0.384848484848485	-0.118181818181818	0.0689087256212292	0.271370690128369	0.277854653909486	-0.431437135844579	-0.66034255599473	0.126556426916714	-0.216476168634187	-0.0740447957839262	-0.0743083003952569	-0.231965215603201	0.0022400843520342	-0.262187088274045	0.258409362947056	-0.287220026350461	-0.174176548089592	0.223268990536566	-0.0683816990390401	0.0542926807733972	0.0125164690382082	0.0329467591834359	-0.101317523056653	-0.0207516716736971	-0.28012385593434	-0.0285253137609869	0.358425305471827	0.12832674571805	0.055862977602108	0.519499341238472	NA	0.354491254844966	-0.236267837304925	0.171618684080187	0.307596021485756	0.195401542027576	0.0613347389169498	-0.260606060606061	-0.0789196310935441	-0.0521773503998112	-0.15296442687747	-0.134519104084321	0.0131752305665349	0.043018544771188	0.107329930627501	-0.173386034255599	-0.367852437417655	0.0592246121735039	-0.300405151847806	-0.444005270092227	0.249802371541502	0.180243091108684	0.0133074212002756	-0.285507246376812	-0.0202905234142816	-0.33611120279112	-0.407246376811594	0.220421607378129	0.127667984189723	NA
11	GBM	GBM_LGG.G-CIMP-low	5	0	1	-0.3	0.2	0.7	0.6	0.6	-0.3	0.2	0.3	0.3	-0.5	-0.7	0.8	0.4	0.564288093646835	-0.3	-0.6	-0.1	0	0.4	-0.2	-0.1	-0.7	0.2	-0.4	-0.2	0.6	-0.5	-0.6	-0.9	-0.6	-0.7	0	-0.3	-0.2	NA	-0.3	-0.7	-0.2	0.2	-0.4	-0.1	-0.6	0.3	-0.3	-0.6	-0.3	0.8	-0.872081599272381	-0.7	-0.5	-0.1	-0.3	0.7	-1	-0.7	-0.2	-0.3	-0.7	-0.1	-0.6	-0.3	-0.5	0.5	NA
12	GBM	GBM_LGG.LGm6-GBM	13	-0.0824175824175824	0.0934065934065934	0.137362637362637	0.395604395604396	-0.236263736263736	-0.0384615384615385	-0.21978021978022	0.307692307692308	0.32967032967033	0.521978021978022	0.43956043956044	-0.714285714285714	0.467032967032967	0.247252747252747	0.032967032967033	0.489010989010989	0.0494505494505495	0.0989010989010989	-0.0274725274725275	-0.159340659340659	0.0358128080689541	-0.461538461538462	0.10989010989011	0.0522696505486693	0.0384615384615385	0.417582417582418	0.445054945054945	-0.489010989010989	0.0164835164835165	0.032967032967033	-0.0824175824175824	0.302197802197802	0.39010989010989	0.00549450549450549	0.351648351648352	0.39010989010989	NA	0.417582417582418	0.119117686626443	-0.0604395604395604	0.0769230769230769	0.054945054945055	0.175824175824176	0	0.197802197802198	0.225274725274725	0.0714285714285714	0.598901098901099	0.494505494505495	0.285714285714286	0.653846153846154	-0.0494505494505495	0.379120879120879	0.346153846153846	0.357142857142857	-0.406593406593407	-0.214285714285714	-0.032967032967033	0.494505494505495	0.620879120879121	0.335164835164835	0.335164835164835	0.412087912087912	0.340659340659341	-0.104395604395604	NA
13	GBM	GBM_LGG.Mesenchymal-like	53	0.0857960730556788	0.303402951621502	0.321856227069306	0.124019756098177	-0.0674125592315189	-0.188073302361996	-0.258638067975648	0.131110528782662	0.0540704005628943	0.288346402784008	0.276950062897814	-0.434817666949879	-0.465979881101422	0.0323744632879696	0.246018626779019	-0.112493196181792	-0.0221751839577365	-0.0899873001976939	0.103939039632303	-0.185578648212359	0.171964222990249	-0.198480053258623	0.000241901344617457	0.0412113397029927	-0.231544571221223	0.220461647056187	0.068983590694674	-0.107838808927235	-0.000423378563067198	0.110349554489376	-0.300552398058027	0.0759570222098814	0.0450797365246788	-0.0232633149215821	0.102969339025497	0.524140711728317	NA	0.0953897635608171	-0.218331490676722	-0.300318522943888	0.369357927703316	0.242385147306692	-0.330678818639437	-0.236619831926642	-0.0425746366526724	0.12256581865097	0.0357207652218445	-0.0234241135371237	0.151107706604371	-0.248236100471717	-0.0839885491219304	-0.143124962231995	0.159338776365408	0.0433827235245899	-0.209954440995041	-0.194367730400127	0.307220900697496	0.211667943393944	-0.0510835601353675	-0.183808410272951	0.0193932063339477	0.168820434556689	-0.111639721001492	0.250609793023685	-0.0667647711144181	NA
14	KICH	KICH.Eosin.0	46	0.0109778284920676	0.233390911405022	0.0352781546811398	0.262127239770617	-0.0829555617627012	-0.148390280004934	0.260515603799186	0.39502898729493	0.0600080175437177	0.178796102133958	NA	-0.181274286411546	-0.12094113299407	-0.0421870663536711	0.184834224510516	0.315221413593191	-0.127681663413552	0.081781176760824	0.0925714638572665	0.216287890571242	-0.137191409254537	-0.394003895553563	0.35300829572403	-0.0238073210709314	0.189953436829034	-0.0812852693963206	0.328101390886514	-0.0783430435290372	0.407425681509806	0.258595701501345	0.335378827752042	0.345884602502029	-0.128546756467939	0.12396694214876	0.273784192315711	-0.0589595732495315	0.125447144443074	0.255319805580332	0.499691533177812	-0.0970736070028897	-0.366277097833648	0.0160967035754474	-0.000370073398594514	0.0907240656223017	-0.0557234488713458	0.183483409399285	0.0934579461035929	-0.0675959047736524	0.165345832512546	0.05495420485544	-0.248928362285697	0.0983101023806587	0.196435179474528	-0.237695818428519	-0.173548367284709	0.173780300090007	-0.356050326878007	-0.203459866265904	0.208862711237202	0.443334258699105	0.158258295300358	-0.487603305785124	0.113790551375355	0.168182799426226	-0.105954546906585	0.137420194405797
15	KICH	KICH.Eosin.1	19	-0.785964912280702	0.370175438596491	-0.240350877192982	0.539069566849558	-0.0824561403508772	-0.057042568018791	0.056140350877193	0.0403508771929825	-0.0543859649122807	0.291355885880594	NA	0.487719298245614	-0.450877192982456	-0.0157894736842105	0.280070344991871	0.328070175438597	-0.139067716946621	-0.264912280701754	0.1	0.326315789473684	-0.377690270717516	-0.228170272075164	0.22280701754386	0.0157894736842105	0.335087719298246	-0.42280701754386	0.269416436642597	-0.371929824561404	-0.0491228070175439	0.415789473684211	0.0789473684210526	0.156208878574535	-0.263157894736842	-0.214035087719298	0.0350877192982456	0.0228070175438597	0.207017543859649	-0.324561403508772	0.281702528215875	0.271929824561404	0.0596491228070175	-0.117595447915661	-0.552631578947368	0.221052631578947	0.0324703848722349	0.335087719298246	0.228070175438597	-0.0842105263157895	0.107017543859649	0.143859649122807	-0.0192982456140351	0.329824561403509	0.236172171795653	-0.00351031187807944	-0.489473684210526	-0.598508175212545	-0.278947368421053	0.0666666666666667	0.0456140350877193	0.498245614035088	-0.0859649122807018	-0.266666666666667	0.505263157894737	0.4	-0.296621353697713	-0.517543859649123
16	LUAD	LUAD.2	32	-0.0414222873900293	0.174686097333429	0.222873900293255	-0.249266862170088	-0.253299120234604	0.356671554252199	-0.0762463343108504	-0.0883431085043988	0.166788856304985	-0.109247548804537	0.117517650424093	-0.312345340877401	-0.0153958944281525	-0.0249289708681494	0.0381231671554252	0.00989736070381232	-0.226051892313428	-0.245234604105572	0.387096774193548	0.092741935483871	0.212586781698431	0.206011730205279	-0.062683284457478	-0.0450879765395894	-0.180735038794083	-0.336907709232784	-0.00733272239635384	0.176616267473594	0.0403225806451613	-0.196847507331378	-0.360920173819016	-0.370967741935484	NA	0.00293282010213522	-0.143695014662757	0.12866568914956	0.153592375366569	-0.182184750733138	-0.106884228076828	0.224360737813344	0.0656158357771261	0.105571847507331	-0.237536656891496	0.27935111472838	0.208211143695015	0.110897260111988	-0.239369501466276	0.392228739002933	-0.122067448680352	-0.153958944281525	0.310724111545494	0.337855184412003	-0.0410557184750733	0.25549853372434	-0.391164881122285	-0.126844469417348	-0.0590175953079179	-0.00989826784470637	-0.0722140762463343	-0.295087976539589	0.204545454545455	0.101539589442815	-0.150123728978047	-0.093475073313783	-0.196847507331378	-0.106874428926857
17	LUAD	LUAD.3	56	0.12488038277512	0.217638715662598	0.142007587491942	-0.0507177033492823	-0.128129325536916	0.149902594161169	0.199935063854616	-0.336164322747693	0.0365003417634997	0.220232399179768	0.144578313780823	-0.270202840142666	-0.363226247436774	0.196141424181477	-0.0656185919343814	-0.0676726422271148	-0.0789361262664989	-0.274436090225564	0.0805892103537069	0.1634996582365	0.300103373272005	-0.176965140123035	0.194873547505126	0.178266887703535	-0.0618602505259582	-0.136673559034976	-0.104142457007277	0.161639294988807	-0.367600820232399	-0.152768284347232	-0.415256844290517	-0.0380724538619275	NA	0.0744715391690955	0.309364319890636	0.140123034859877	-0.482526445940609	-0.0695878052073566	0.0208829316806275	0.0477468086824643	0.246206425153794	0.282814128785803	-0.347820145021378	0.0369788106630212	-0.0912524137592864	0.0432003828134332	-0.0646627591133221	0.046310536955856	0.160699943631522	-0.265901090418125	0.233508784467908	-0.0610400041101444	-0.116235752507615	0.0489405331510595	-0.289747095010253	-0.305468215994532	0.16203284405722	-0.0850307587149692	0.0198229604681893	-0.10106119381506	-0.0569387720310753	-0.0433021753681707	-0.281476418318524	0.319280917355526	-0.149495018738081	0.272672898832284
18	LUAD	LUAD.6	43	-0.374056176381758	0.590780383250359	0.250226517668378	-0.0631229235880399	-0.222893385684083	0.0173683218029454	-0.0460585925702205	0.343262732905948	-0.268660097597748	-0.141045001510118	0.434057016188391	-0.486370159205867	-0.178797946239807	-0.00845665961945032	0.238447598912715	0.0140440954394443	-0.267044413685481	-0.425098157656297	0.288281485955905	-0.0329205678042887	0.282870661874733	0.258230141951072	0.527655076451113	0.202506795530051	-0.178049609369165	-0.451164722638151	-0.364281671206124	-0.110813168153806	-0.237595353881702	-0.292143315796989	-0.508948124987974	-0.392479613409846	NA	0.0697674418604651	0.00739957716701903	0.159921473874962	-0.615675022651767	0.0414558635932341	-0.290381457330353	0.00468171865715941	0.269576380742888	0.0728659342838186	-0.403669725058336	0.00151011778918756	-0.3063389589528	0.0196330137235717	-0.162186650558744	-0.0178193899124132	-0.177891875566294	-0.26940501359106	0.379823303959868	0.284204167925098	-0.0351857444880701	0.345376977631281	-0.495620658411356	-0.154113338728781	-0.268660097597748	-0.130403594308969	0.38035188509858	-0.0210669385131455	0.351555421322863	0.438134796089952	-0.485200845665962	-0.0544418016773401	-0.35919507708614	-0.491637407380252
19	LUSC	LUSC.basal	43	-0.022958124488776	0.0232558139534884	0.156680635895258	-0.206516404420978	0.0422832980972516	0.0969568831579464	-0.0829054666263969	-0.159770462096044	-0.111828444222109	-0.0978556327393537	0.0732600758196296	-0.204477668435835	-0.0283912863116226	0.0767139836907279	-0.239136180183268	0.00588945937783147	-0.277979160397558	-0.338266384778013	-0.0802779155643715	0.159619450317125	0.189255090585366	-0.2642805906667	0.156750226517668	0.104428587683442	-0.30217456961643	-0.0146481425551193	-0.283858789814225	0.414579842236469	-0.209008192847264	0.124589421314301	-0.323769254001812	-0.0906859969687732	0.217915353282328	0.13531166242135	0.1674720628209	0.696919359710057	-0.164156001174116	0.201162879075365	-0.0392882858398652	0.0201692119220821	0.155693144065237	0.360163092721232	-0.244488070069465	0.285110238598611	0.0200845665961945	0.370733917245545	0.374811235276352	-0.0603337614043607	-0.242222893385684	-0.0326197757622898	0.399305294500951	0.182058446490505	0.360012080942314	-0.190961603941738	-0.0297493204469949	0.03397765025672	-0.146260429748971	0.31304741769858	-0.124966965015254	0.0392630625188765	-0.204318936877076	0.107520386590154	-0.407127755964965	0.209302325581395	-0.211658990258352	0.0573866425447691
20	LUSC	LUSC.classical	65	0.0858191831115191	0.00552902739414762	0.155750781267073	-0.191328481828711	-0.149719180926157	0.0346395087421392	0.188902729517691	0.274437815511703	-0.0442535894578116	0.000590041412201003	0.23633681458111	0.0469410723484354	-0.0696467400253554	0.0356865787453421	0.0118008282440201	-0.0115169859158727	-0.116470691782572	-0.0961548968031264	-0.0932077451160122	-0.179090452151489	0.0197067659609764	-0.287022366957332	0.217552831137044	0.106040738054657	-0.0418929402662712	-0.0150788360895812	0.0365412564880538	0.139948417516283	-0.128847561716189	0.0208044231264946	-0.356203901191229	-0.0592233221879849	0.125969882839566	0.186804781573024	0.09355638843615	0.0941454140169147	-0.221530190782141	0.0212414908392361	-0.106220633407389	-0.284008086258704	0.221989116895037	0.121571712668546	-0.0662383356279639	0.186192880089163	-0.301467454863438	0.259771195067901	0.0244763268041318	0.330423190832562	-0.170960903865906	0.029174269825494	0.244011714835169	0.0848813322463286	0.295282946728146	-0.0607524120710662	-0.0904511631518501	-0.195587801451814	-0.269015177192383	-0.0641833936160869	0.114534845604143	-0.182829419681577	-0.282089666417618	-0.0194505758867532	-0.1719424381925	0.296397469395637	-0.233131917976307	-0.0129389009426008
21	LUSC	LUSC.primitive	27	0.0238095238095238	0.16971916971917	-0.241147741147741	-0.0873015873015873	0.145909645909646	0.477789656001668	0.157509157509158	-0.386200584563648	0.158119658119658	-0.402381320517698	-0.039389314813324	0.0348038471464474	0.00671550671550672	0.338217338217338	-0.367521367521367	-0.000610500610500611	0.120286980488599	-0.0824175824175824	-0.218592583832073	0.230193866214222	0.463994243440708	-0.014041514041514	0.339438339438339	-0.114774114774115	0.13980463980464	-0.202075702075702	-0.203296703296703	0.621984761819697	-0.227716727716728	0.288156288156288	-0.403540903540903	-0.255189255189255	-0.011910216549678	0.0494505494505494	-0.00457945357190097	0.167887667887668	-0.150793650793651	-0.0448786450046295	0.156946572201926	-0.0460998326238031	-0.199664175734882	-0.162393162393162	-0.361416361416361	0.354700854700855	0.0671550671550672	0.0757020757020757	-0.00244200244200244	0.0647130647130647	0.192947643829428	0.0366300366300366	-0.0323565323565324	0.262555338122322	-0.0848595848595848	0.160561660561661	-0.36019536019536	-0.0925049621523996	-0.367521367521367	-0.00610500610500611	0.23015873015873	-0.0396825396825397	-0.336385836385836	-0.000610593809586796	-0.415140415140415	-0.290598290598291	-0.114774114774115	0.404518398851252
22	LUSC	LUSC.secretory	44	-0.076814658210007	0.187533035107089	0.0810458438080242	-0.393657505285412	0.0539131047940335	0.147887080241781	0.29986962208969	0.0885866310145099	0.215644820295983	0.0708949964763918	0.176487174011726	-0.166825246729922	-0.134178999295278	-0.0272022551092319	0.116983791402396	-0.00838648296796077	-0.280648589870361	-0.490627202255109	0.10049684632195	-0.0363636363636364	0.362365672025079	-0.0324171952078929	0.190415785764623	0.356473325291536	-0.548132487667371	-0.0432699083861875	-0.0976108255296121	0.293972524430898	-0.198738503946633	-0.0279079601286762	-0.388963282381176	-0.10415785764623	0.12162020524849	-0.143904157857646	0.0364366763890321	0.401409443269908	-0.0163495419309373	-0.137712312696651	-0.154253123384277	0.139333286694616	0.274024739875766	0.0846400507942931	-0.608597603946441	0.0873211644990537	0.0479261376325928	0.280056377730796	-0.108809020436927	-0.102043692741367	-0.0420014094432699	-0.397406533246477	0.264810576798472	-0.0679351656095842	0.166320166423424	-0.105007223716484	-0.305567300916138	-0.134178999295278	-0.217132386758715	-0.135024665257223	0.0989464040925791	-0.40205785993459	0.122057787174066	0.264359715928935	-0.430725863284003	0.122903453136011	-0.342353770260747	-0.1583565313362
23	READ	GI.CIN	102	-0.00692687202253295	0.266863446934356	0.0376481498241792	0.0917284900041807	-0.26798381647468	-0.251757900327399	0.0206844295669642	0.00571680605268961	-0.246726699558515	0.0143824481545409	-0.302711698073742	-0.042104072718188	-0.164632905096272	0.0429044397261485	-0.0856837483689736	0.0164697366969449	-0.248058969146442	-0.162585949518568	0.0365350983042201	0.00913504084053943	0.0227431552837795	-0.365485419599993	-0.0824161066238702	0.049918569602871	-0.242830000908614	0.0337039258067193	0.128601035452646	0.00564105902305969	-0.335152267465912	0.0319199767043716	-0.317345833817601	-0.0110292142713688	-0.0806422433902627	-0.0928028589538043	0.063522087272491	0.0385301543425311	0.25389859408712	-0.191198799082834	-0.0734736928086757	-0.0770042015586769	-0.000599400034611169	0.17477918641357	-0.082174816600675	0.244881918713236	-0.048866897645973	0.0944149462529757	-0.00499351072261199	0.123015895486759	0.0153973163556148	-0.0126409418366021	0.267821799699031	-0.159949899915476	-0.0750829118311668	-0.244815448339236	-0.250335035369557	-0.231307942199385	-0.162655184016166	-0.246581074548686	0.192215914234503	-0.109964178382624	0.114927677189899	0.169118894408006	-0.195940558788105	0.206884559938589	-0.441967050048815	0.150990899226423
24	STAD	GI.MSI	61	-0.0637783095630658	0.481867819553211	0.140938177636664	-0.00177161971008516	0.224331685131812	-0.0345069212188229	0.0561086212188276	-0.247494645548534	-0.0391596927545163	-0.0959835003569634	0.113626147129843	-0.250882504616239	-0.226552790925196	0.0823131230333959	-0.069963907514146	-0.217277486986955	-0.106308427414472	-0.154421777714886	NA	-0.0506881370765751	-0.0396291101811678	-0.239191940558978	-0.0602871572490018	0.286090141093528	-0.130066897591158	-0.0425183109019276	-0.083796075971968	0.326380561478233	0.0150459443497743	0.0369386163254958	-0.31103002422105	-0.137336559194435	NA	0.116555170681404	0.135039729244849	0.142201774229432	-0.166807727550259	-0.0245385795209802	-0.184026448999973	0.0411317512057538	0.0824178003482967	0.120123216869526	0.00957178175363599	-0.150134190047362	0.000846146727204853	-0.104751705573667	0.0878382844905491	-0.0330521695444089	-0.0577238352309265	-0.250614770353526	0.124084406657386	-0.315079721832941	0.0791686498769556	-0.0101008765560079	-0.305851556096142	-0.204894300577142	-0.122111164038671	-0.258705941457997	-0.0592823712948518	-0.0769464680051913	-0.140749358787911	0.0523281948227082	-0.240163414331145	-0.204048176223229	-0.254151462355497	0.194354465678104
