cancer.type	cancer.subtype	nsamples	AGA	ARL8B	ARSA	ARSB	ASAH1	ATG10	ATG16L1	ATG2B	ATG3	ATG7	ATG9B	ATP6AP1	ATP6V0A1	ATP6V0B	ATP6V0C	ATP6V0D1	ATP6V0E1	ATP6V1A	ATP6V1B2	ATP6V1C1	ATP6V1D	ATP6V1E1	ATP6V1G1	ATP6V1H	BECN1	CD63	CLCN7	CLN3	CTNS	CTSA	CTSB	CTSD	CTSF	CTSS	CTSZ	GAA	GABARAPL1	GABARAP	GALC	GALNS	GBA	GLB1	GM2A	GNS	GUSB	HEXA	HEXB	HIF1A	HPS1	HPS4	LAMP1	MAP1LC3A	MAP1LC3B	MCOLN1	NAGLU	NEU1	NPC2	PLBD2	PPARGC1A	PSAP	RRAGC	RRAGD	SCPEP1	SGSH	SLC36A1	SQSTM1	STK4	TFEB	TPP1	ULK1	ULK2	UVRAG	VPS11	VPS18	VPS26A	VPS33A	VPS35	VPS8	WDR45	WIPI1	ATP6V0D2	IFI30
1	BLCA	BLCA.3	31	0.0455645161290323	-0.0278225806451613	-0.402822580645161	-0.173790322580645	-0.61491935483871	-0.0661356994993234	0.168548387096774	0.261693548387097	-0.577016129032258	-0.113709677419355	0.157878819231617	-0.160483870967742	-0.0110909459806946	-0.124206069791412	-0.0487903225806452	-0.284101221324837	-0.30103841266003	-0.323387096774194	-0.218951612903226	-0.0814516129032258	0.0866935483870968	-0.461290322580645	-0.275403225806452	0.133467741935484	0.169354838709677	-0.321370967741936	0.107661290322581	0.113139059326277	0.30873160538988	-0.237523945153058	-0.122025020012805	-0.191935483870968	-0.189333603139831	-0.368145161290323	-0.241532258064516	0.106048387096774	-0.286924086547369	-0.0100806451612903	0.0213709677419355	-0.208488760007013	-0.194354838709677	-0.0729838709677419	-0.436693548387097	-0.493951612903226	0.05	-0.133467741935484	-0.25241935483871	0.0669354838709677	-0.175	-0.245161290322581	0.294615855959905	-0.161693548387097	-0.319991936297031	0.0193548387096774	-0.0911290322580645	0.00483870967741936	-0.189112903225806	-0.0133064516129032	-0.00647778588251264	-0.434493247379996	-0.0969953639402562	-0.195382600045257	-0.432258064516129	0.173387096774194	-0.236693548387097	-0.173790322580645	0.0556451612903226	-0.437903225806452	-0.228225806451613	0.133064516129032	0.465322580645161	0.00282258064516129	0.162903225806452	0.00806451612903226	0.143361226658594	0.165322580645161	0.128225806451613	-0.190322580645161	-0.261290322580645	-0.211290322580645	NA	NA
2	BRCA	BRCA.Basal	187	-0.199854380758263	0.111446331742729	-0.28623651513689	-0.0923278790834129	-0.090505358402073	-0.0406454679466165	0.138561913985722	-0.192060016921426	0.00553021523520852	0.0709494643642913	0.0240949815230349	0.0252806411300387	-0.106101215600381	0.171496550607246	-0.0780137223553486	-0.0521456518069718	-0.0187717436534817	-0.144343220659761	-0.0559051263570899	0.0846929478057046	0.00678592696652696	-0.071234930569486	0.0115247385026753	0.00619132407166281	-0.0366328952362655	-0.191740837944612	-0.131079896296019	0.0090381193004306	0.128873043321919	-0.10056164774478	-0.0162381131529109	0.0530452219769318	-0.14708787551117	0.0447115194924906	0.0606913675634896	0.361417415676295	-0.166378089813995	0.0238876595947744	-0.064282620743932	-0.0943224224673764	0.0159813549330249	0.10448551403178	-0.0805367988248058	-0.132434686703713	-0.0651482939066862	-0.0465539642808116	0.0293752640897447	-0.0810616508431465	-0.0499416423816622	0.130530728832975	-0.0173601584848092	-0.143862804290577	-0.148229472381271	0.113285463328921	-0.119578173129646	0.246962030369149	-0.0546085670320987	-0.2011532986093	-0.0360755922171378	0.00919930118701076	0.140630319068464	0.0580874465857795	-0.000378040091519093	0.26031742536239	-0.0158704306332963	0.0501900530131089	-0.180670965800538	-0.0496815561312009	-0.177586198195572	-0.132725348322848	0.143669720814142	0.0981340226145568	-0.0501165319361735	-0.0218561610526412	0.131448941578044	0.0627615101163459	0.00247379052887181	-0.0927464900521664	-0.0649193589086268	0.239535523889047	0.0799921451811018	NA
3	BRCA	BRCA.Her2	82	0.0994242427599458	0.153161732694819	0.044808933491264	-0.207999564649543	-0.0817592607721116	-0.0146714700865251	-0.275085573112622	-0.213475258357854	0.101916096628069	-0.0172400657396556	-0.0966291890759685	-0.157110516156425	-0.0580216479201447	-0.12484830675145	0.0136046277503769	-0.0338982128555029	-0.0432090031480005	-0.0586740385618257	0.113138547118045	0.102590335219852	-0.180507183282542	-0.111482368306487	-0.0910639363099231	0.192152808010448	0.0173160644318677	-0.194764484036283	-0.17584893339138	-0.0328470132405101	-0.0368915131697617	-0.071822723368679	0.0277873040591299	-0.114225535024232	-0.0742389447034034	0.139083587287767	0.0317482776278885	0.569327971255202	-0.0619609166263167	0.0644536351763169	0.0542555507183283	0.0190029440417265	-0.110992599042229	-0.152252938615586	0.141781988563328	0.00906622260691813	-0.172802420564273	-0.0372549126316322	-0.087276882890727	-0.193697248058767	0.0780579121805627	-0.000315632516698241	0.0736737848190397	0.00638883749316784	-0.112495170306249	-0.206086265644179	-0.186546655713169	0.0793643883326078	0.123181741503013	0.00592076621680453	-0.0936406435948329	0.124661801798446	-0.0410315572951369	0.00937096958530193	0.152698341870231	0.652793347811279	0.138996517196343	-0.0137570744449282	0.131966325460843	-0.0751535996007794	-0.0782002514174151	-0.0373419822492346	0.0460937330046732	0.258520578363763	0.0373530692207227	-0.117075984568644	0.230844579886809	-0.144096343582584	0.155779277318241	0.0381804428632278	-0.20695472355246	-0.0976714065720088	-0.18344045442641	NA
4	BRCA	BRCA.LumA	556	0.076312724428034	0.30350466043055	-0.185337464337665	0.0897604614466693	-0.136189389308571	0.0205748818039753	0.0448827192763563	-0.0766158218020195	0.0097646842473938	0.100322089304019	0.0161500329485307	0.190013314093341	0.16164599113388	0.143142181940716	0.208971478656902	0.137812309476935	0.193576461327122	0.105393544255763	-0.133440766095782	0.380138301221684	0.126637017393215	0.122048277463762	-0.0383919701592326	0.314720658019096	0.147029748480742	-0.0105201592936641	0.139920218714783	0.103035422283781	0.149247733867641	0.0887994781481933	0.0301378431748786	-0.11562787099213	-0.0190618014732925	-0.112799226892498	0.0493924238144706	0.401441070501001	-0.141461549932956	-0.10413201797374	-0.0757357826418478	0.0255627181129602	-0.038012738920208	-0.0299754669508114	-0.0367308288837426	0.155303311555624	-0.100844478052641	-0.101476850917651	0.0154353546692595	-0.138146698696454	-0.185391116565268	-0.134180486942242	-0.0107794936099992	-0.0475795030948524	0.0202947649554433	0.0420225324351167	0.0950821314539618	0.148381895657379	-0.0356285340003488	0.0456532024187145	-0.207224019631082	-0.0781049726269038	0.201017876147899	-0.0834687752404453	-0.0486824200965848	0.153740698432483	0.144349642627408	0.104552338647105	0.00172864306171191	-0.141388234797862	-0.0917352772092648	-0.00590481841973126	0.0521049517755293	-0.0538550004311405	-0.0617286564433671	0.10169544420442	0.13059188697683	0.20349087646799	0.264414974661977	0.00361942102214769	-0.0384983808887648	0.131466644050722	0.141585793932649	NA
5	BRCA	BRCA.LumB	207	-0.0163507912922965	0.195155073829256	-0.215248097412481	-0.0892476260653338	-0.163843844981499	-0.031129057464583	0.0026971053301837	-0.0686944486348533	0.0483218439172237	0.173699262133281	0.0744199859661999	-0.0372415593945915	0.137453898252927	0.0465026685297062	0.0258444193622269	-0.0199262574238951	-0.0223366296984217	0.0492891908989489	-0.176779021403366	0.282897440520037	0.0811723596050645	0.0700519162401469	-0.0352362590901404	0.313085657925999	0.166853486794212	-0.181866920597297	-0.0336713012102189	0.0404410757453349	0.0394059428049902	0.0167082981706618	0.0106934651690892	-0.131208011819767	-0.0749845087306504	-0.0957867806031242	0.00276307191090992	0.325120345165655	-0.0167403968407259	-0.0803338678619589	-0.0336607588908387	0.0217267406168764	-0.0976234092699567	0.0788631561430263	-0.0883412819211906	0.0289484774872454	-0.190159117038031	-0.157152820668273	-0.0926657146394358	-0.019280190873997	-0.0970419036590148	0.082940018900759	-0.0547771127232941	-0.0412610062723277	0.00536106701807336	0.149155536073691	0.0295819080853444	0.096542871638762	-0.0226538289557494	-0.208421655763668	-0.237477362760689	-0.0486580875453828	-0.00418267245243907	0.0810177480855573	0.0488015740217663	0.288934069970687	0.0262872705725984	0.0922842809242314	-0.00166413157192533	-0.146434702021344	-0.156934564570886	-0.12265812774694	0.0617276350717493	-0.0260592092401272	-0.117054625401657	-0.168541294463962	0.0990562798944279	0.0726801775222003	0.0337517905493304	0.00116996646366895	0.0501158298809929	0.0771351259935735	-0.0494308115745587	NA
6	COAD	GI.CIN	225	0.203095106155248	0.00696722326141613	-0.230657739446243	-0.207106013665714	-0.129798305565532	0.121798815837275	0.110952877364168	-0.24558744282683	0.232712358627631	0.118207969626004	-0.00477041081089328	0.099249625340108	-0.0328625575915201	0.308600728564166	-0.20106901223609	0.110852353836734	0.0497334845493299	-0.0604504980015965	-0.104567998750525	0.267456352534145	0.140006489720443	0.102297601786778	0.0244633932746241	0.278723359985113	0.075971664440221	-0.127152000452539	-0.0458025078626253	0.121529982683013	0.105795255479751	0.0767174975389661	-0.174331787246069	-0.251343470456172	-0.0805606029764747	-0.115357882115071	-0.00532584415858795	0.174854376910264	-0.244241623084628	-0.282626256294565	0.0593889460132575	0.167197248822267	-0.0511616048683488	0.0573909543948147	-0.0292602820544234	-0.191732305655192	-0.0701127216545881	0.0544247734002186	0.0473639061383851	-0.165477325523298	0.0343213970974445	-0.103450637211684	0.0159963800480272	0.0217911081448806	-0.0441987567889885	-0.0039123047438982	0.147440177394507	0.247617457300705	0.0691886100357334	-0.203355783005237	-0.00668357929697714	-0.182554188654408	0.0987090743630935	0.00550113362678886	0.114260926273801	0.122558546553665	-0.00499137025785762	-0.14439473529466	-0.0855739790375308	-0.0723744511127464	-0.203701191826993	-0.457843586811381	-0.0941662366983612	0.0272618016363608	0.0209499016534038	-0.206786839309223	0.287949753172719	0.178765730612467	0.0740684162300536	-0.185462985182581	0.0194607060353168	0.163419443096835	0.0639793752181442	0.10838159115089
7	COAD	GI.MSI	62	0.211488579415246	0.270131080268717	-0.0691018522070921	-0.178645177593789	0.0242136543352892	0.267242574485274	0.170274115779247	-0.505798360633908	0.561654012308591	0.256909729675227	-0.0428321355702625	0.0242760010150004	-0.499143792653862	0.497683203381175	-0.103827751229094	0.247421901579694	0.475849912011875	0.0421189151074064	0.0361122653297996	0.0413497859612351	0.386476958067646	0.390254344117698	0.1139763284169	0.254649391223803	-0.0332048957494236	0.0503941371178457	-0.313098880645326	0.0570392475397462	-0.0267067919111536	-0.140292117898929	-0.108568623258226	-0.0812335513428099	0.0426351708680652	-0.072881121176308	-0.0884160161448822	-0.0600611944292692	-0.308310249405239	-0.0972815069518939	-0.0233954946692433	-0.163535633393582	-0.039587504252751	0.51838327893546	3.77743361190372e-05	-0.186761020954907	0.0752212946583761	0.0191520707168563	0.440418030862388	-0.309530705037319	0.207328129000517	-0.260110803406576	-0.23800949420777	0.126166282637584	0.0958221058198393	-0.129089123372535	0.0271719969867069	0.269532479654704	0.11327406885089	-0.379254334635134	-0.199652471731849	-0.131051334463539	0.0994736709562064	-0.0524334194166229	0.0153615633550751	-0.297971467089867	-0.398504098650275	0.00282055479327799	-0.290380256954325	-0.128234508994388	-0.301712415104481	-0.446713674279141	-0.162039310505297	-0.122533526499317	0.107000755511138	-0.00501139525845894	0.496852178450164	0.183860285336727	0.109907822809051	-0.235941474224987	0.0810123394867804	0.0323596071621115	0.24114433331386	0.30646969884179
8	ESCA	GI.CIN	67	-0.0272966717216059	0.00694395945400764	-0.280492063347659	0.0165417884694607	-0.0212112142115459	0.0464141757164135	0.0223481522866949	-0.263109585761034	0.155798547370101	-0.102843460062378	0.0268981342964854	-0.109528085425377	-0.00209516018008851	0.192433554154362	0.0657674195865592	0.205922260355974	0.121700089817703	0.155798547370101	0.0155239843562934	0.0136484720302909	0.155600562707907	0.0223880597014925	0.295274962087956	0.302099130018357	0.0604198260036715	0.0771840204948784	-0.11828793776674	0.0389097294277277	-0.0745285842710481	-0.201913579641101	-0.044100773367727	-0.0882675775440945	-0.205826598863684	-0.219610503631575	-0.250204529631773	0.228252736190786	-0.0475701130412477	0.0799345518397318	-0.124573481018515	-0.194748184212627	-0.0107751094975981	-0.12850443981407	-0.074547794598197	-0.211870578973141	0.0535961927973118	0.111341687285498	0.0481088685161276	0.10188362997845	0.0377524143985953	-0.058304733019395	0.0179586950050718	-0.0703567722882912	0.113137520951393	-0.053954824806449	0.0797565599280801	0.136802617926411	0.051920064653241	0.00854018676670125	-0.00798148295953388	-0.248812432371553	0.0684632192586358	0.0990901109426132	-0.00349193363348085	0.266404605374874	0.043100007981483	0.070995999245285	-0.161606688557494	0.00662463085641312	0.0328438023784819	-0.273445606193631	-0.113656317343762	-0.0824894493760563	-0.118165855215899	0.0210114635203162	0.161944289248942	0.170667464864866	-0.00191555591028813	-0.229449970579408	-0.103560774615804	0.0110146662697774	NA	NA
9	ESCA	GI.ESCC	78	0.132212906407679	0.0728033790335922	-0.0385315764213009	-0.417742088465876	-0.19986215966716	0.203916460646619	0.231469128391336	-0.167012316966236	0.0819201537741695	-0.0479276658983372	-0.126138145591552	0.00599411969282634	-0.178203798795199	0.0820966773118747	0.164622271694288	0.140064240381466	0.151776116949303	-0.135109672282076	-0.0769240496786259	0.125282159908925	0.189787298631731	0.151295572669676	0.419623662746317	0.118654998871371	0.01674328024162	-0.126066200881405	-0.0419206353254389	0.286836164985216	0.188789478679756	-0.112382710750279	-0.0677750665166817	-0.165441013902445	-0.2152106834104	-0.244012241097939	-0.103948000716473	0.184845150928841	-0.146692464306941	0.169429796274517	0.00303501650290223	0.227926857045463	-0.0758618073355379	-0.0620913792885415	0.103480762545143	-0.204620754208424	0.0615088899616696	0.0975366094314058	0.131326862890299	0.097231092246458	-0.136790722966223	-0.0127849261802688	-0.0921075927029996	-0.254016629261187	0.178673950706274	0.128760575135627	0.0900008852131467	0.207429420509347	0.201383444210442	0.000252918041908519	-0.346993360844468	-0.319065116269756	0.0138724668840306	-0.302766273598414	-0.0365843634416595	0.0209667731027554	0.124789761877664	0.0765578072159719	-0.230512418451332	-0.274502861122746	-0.138597334288631	-0.163977338843127	-0.198584923555522	-0.05150675923467	-0.25294333371271	-0.270459618223208	0.237132957352226	0.32208908982339	0.280422878966071	0.143303362545367	0.0572357147836649	0.180153521251438	NA	NA
10	GBM	GBM_LGG.Classic-like	45	0.0835337132769777	-0.175499851868981	-0.310935441370224	-0.0629776021080369	-0.136434006464212	0.288688320015117	0.305553726204955	-0.363372859025033	0.565085638998682	0.395599328255718	0.132086037161152	0.160814283239822	-0.588359300691394	0.462845849802371	0.112911725955204	0.167001548231182	0.136170493173117	-0.138471673254282	0.0561264822134387	-0.384848484848485	0.375889328063241	0.191843995409407	0.428722002635046	0.0550724637681159	-0.108567475930961	0.37488058054878	-0.66034255599473	0.00349212631188113	-0.0740447957839262	-0.0271409749670619	-0.11591815977726	-0.0743083003952569	0.0306982872200263	-0.0849802371541502	-0.141897233201581	-0.313570487483531	-0.287220026350461	0.391040843214756	-0.0285253137609869	-0.0442687747035573	-0.174176548089592	0.281422924901186	-0.251852827963632	-0.253631542678521	0.245396752331815	0.229915346480009	0.272727272727273	0.119371520865839	-0.200131752305665	-0.227667984189723	-0.101317523056653	0.13570487483531	0.12832674571805	0.055862977602108	0.125695839852108	0.519499341238472	-0.00988174841604625	-0.482492835994152	-0.206989690154782	-0.236267837304925	0.258572416886544	-0.0789196310935441	-0.104944168178411	-0.0521773503998112	0.043018544771188	-0.173386034255599	-0.341765480895916	-0.180111334463136	-0.2300395256917	-0.584716732542819	-0.28300395256917	0.106334618564503	0.133469481939398	-0.0202905234142816	0.374308300395257	0.345016141469459	-0.0640316205533597	-0.445849802371541	-0.072068511198946	0.220421607378129	NA	0.262373981655441
11	GBM	GBM_LGG.G-CIMP-low	5	-0.3	-0.2	-0.7	-0.7	-0.3	-0.2	-0.9	-0.1	0.5	-0.3	0.6	-0.1	0.3	0.6	-0.2	-0.6	-0.2	-0.1	0.4	0.6	0.5	-0.2	0.461690258438319	-0.3	-0.5	-0.1	-0.7	-0.1	0.564288093646835	-0.8	0	-0.3	-0.3	-0.6	0	-0.6	-0.2	1	-0.2	-0.3	-0.1	0.1	-0.5	-0.3	0.2	0.8	0.7	-0.2	-0.5	0.3	-0.5	-0.1	0	-0.3	-0.1	-0.2	-0.4	-0.4	-0.7	-0.7	0	0.3	-0.6	-0.3	-0.872081599272381	-0.5	-0.6	-0.9	-0.3	-0.3	-0.1	-0.5	-0.3	-0.1	0.6	0.1	-0.1	-0.3	-0.6	-0.5	NA	0.1
12	GBM	GBM_LGG.LGm6-GBM	13	0.137362637362637	-0.5	0.28021978021978	0.324175824175824	0.159340659340659	0.181318681318681	-0.0494505494505495	-0.230769230769231	-0.104395604395604	0.0989010989010989	-0.0384615384615385	0.0769230769230769	-0.307692307692308	0.032967032967033	0.0164835164835165	-0.258241758241758	0.313186813186813	-0.554945054945055	-0.373626373626374	-0.21978021978022	-0.247252747252747	-0.236263736263736	0.00550206847880729	-0.582417582417582	0.373626373626374	0.236263736263736	0.467032967032967	0.335164835164835	0.489010989010989	-0.054945054945055	0.11279240381555	0.0494505494505495	-0.032967032967033	0.0879120879120879	0.10989010989011	0.148351648351648	-0.461538461538462	0.137362637362637	0.17032967032967	0.653846153846154	0.10989010989011	0.351648351648352	0.181318681318681	0.321871006010227	0.302197802197802	0.324175824175824	0.362637362637363	0.379120879120879	0.197802197802198	0.0934065934065934	0.0164835164835165	-0.412087912087912	0.00549450549450549	0.351648351648352	0.56043956043956	0.39010989010989	0.247252747252747	0.159340659340659	-0.510989010989011	0.119117686626443	0.291208791208791	0.197802197802198	0.302197802197802	0.225274725274725	0.285714285714286	-0.0494505494505495	0.26409928698275	-0.148351648351648	-0.153846153846154	-0.296703296703297	-0.00549450549450549	0.043956043956044	-0.181318681318681	0.335164835164835	0.296703296703297	0.252747252747253	0.126373626373626	-0.324175824175824	0.412087912087912	0.340659340659341	NA	0.261348252743347
13	GBM	GBM_LGG.Mesenchymal-like	53	0.321856227069306	-0.0787792045637518	-0.14211990485022	0.0478571140587832	-0.0850939441059376	0.248624130682513	0.260694270854332	-0.397137385424917	0.179571431487692	0.330692470584281	-0.188073302361996	-0.144418013949925	-0.407249123089949	0.342304203274878	0.149181517740805	0.174253114542596	0.323946217333544	-0.350012096083224	-0.0532427475118481	-0.258638067975648	0.0874473360792106	0.0525753452379788	0.249808490908358	0.0993428214328912	-0.0132642570631905	0.342889981035393	-0.465979881101422	0.0510432416190807	-0.112493196181792	-0.0579780264204092	0.114910780122542	-0.0221751839577365	0.492632088313451	0.190908174617968	0.0162880238709088	0.0272542181602335	-0.198480053258623	0.250771060586764	0.106237148732008	0.0256224171002573	0.000241901344617457	0.407692617828489	-0.00967624884086602	-0.192202241910924	0.24637651949288	0.29012034597787	0.347384336327013	0.0271343614610121	0.0662419868564287	-0.485536315538005	-0.000423378563067198	0.0984941641500745	-0.0232633149215821	0.102969339025497	0.207112042898037	0.524140711728317	0.231539903689676	-0.222186385031134	-0.14022497278555	-0.218331490676722	0.101679198520871	-0.0425746366526724	0.172274074258399	0.12256581865097	-0.248236100471717	-0.143124962231995	-0.24919870184675	0.127812273307663	-0.126718542111841	-0.418417126960448	-0.0965589533931348	-0.0835399657462363	-0.0777728500584607	0.0193932063339477	0.442253805149839	0.208446729202723	-0.195295018887827	-0.425135577254772	0.0566878338992318	0.250609793023685	NA	0.262776961477041
14	KICH	KICH.Eosin.0	46	0.0352781546811398	-0.0815344763784384	-0.0928798298261448	0.489576908844209	0.112618724559023	-0.217768047221857	0.026397754969841	-0.179695932487457	-0.054214080884323	0.0295115332428765	-0.148390280004934	0.100135742300532	0.174355495251018	-0.240932644320426	0.0291160328222996	-0.0104850895908247	-0.322859169415583	-0.145134927375238	0.439113139682703	0.260515603799186	-0.315231134698265	-0.29389995738381	-0.14567208369811	0.250716995215896	0.3767114839028	0.127016951249629	-0.12094113299407	0.0734550388553102	0.315221413593191	0.0621665793258658	0.438845371833328	-0.127681663413552	-0.15220944223833	0.235598865178241	0.206543525954687	0.487834212462517	-0.394003895553563	0.143266829140859	-0.145799925989885	0.156958278159056	0.35300829572403	0.0500169601520607	0.157698356484364	0.32788503115474	0.0108544821045163	-0.0931293943505613	0.0420007401011472	0.639282080052341	-0.0629085975083261	-0.402972648130166	0.407425681509806	-0.394153381420247	0.12396694214876	0.273784192315711	0.0999722471103457	-0.0589595732495315	-0.160915286720362	0.261802707577679	0.0835697545331195	0.499691533177812	0.0345369885143699	-0.0557234488713458	0.442936877696794	0.183483409399285	0.05495420485544	0.0983101023806587	0.0090659594850221	-0.281168090423236	0.268519090130203	-0.00567410879486863	-0.0546441346984088	0.258163989144915	-0.170598575342477	0.158258295300358	0.16997132204572	-0.211607252991242	0.343047460612747	-0.179558353204496	-0.418144253798978	0.168182799426226	0.137420194405797	-0.125720986243645
15	KICH	KICH.Eosin.1	19	-0.240350877192982	-0.428070175438596	0.136024585275579	0.514035087719298	0.117543859649123	0.0982456140350877	0.394736842105263	-0.436842105263158	0.012280701754386	0.310662601210031	-0.057042568018791	-0.136842105263158	0.0368421052631579	-0.215789473684211	-0.242105263157895	-0.487719298245614	-0.32280701754386	-0.110526315789474	0.150877192982456	0.056140350877193	-0.384379150649699	-0.229824561403509	-0.354541499686024	-0.373684210526316	0.415789473684211	-0.0192982456140351	-0.450877192982456	-0.322071114813789	0.328070175438597	0.0298245614035088	0.519526157955758	-0.139067716946621	-0.196491228070175	0.524561403508772	0.164912280701754	0.415789473684211	-0.228170272075164	0.542105263157895	-0.337867518265147	-0.271929824561404	0.22280701754386	-0.389473684210526	0.128070175438597	-0.0228070175438597	0.119298245614035	-0.352631578947368	0.419298245614035	0.270175438596491	0.242105263157895	-0.270175438596491	-0.0491228070175439	-0.333333333333333	-0.214035087719298	0.0350877192982456	0.0543859649122807	0.0228070175438597	-0.652631578947369	-0.235087719298246	0.100043888525264	0.281702528215875	0.112280701754386	0.0324703848722349	-0.143859649122807	0.335087719298246	0.143859649122807	0.329824561403509	0.068421052631579	-0.391228070175439	0.215789473684211	-0.408771929824561	0.433333333333333	0.32280701754386	0.189473684210526	-0.0859649122807018	0.384379150649699	-0.291228070175439	0.135087719298246	-0.33859649122807	-0.319298245614035	0.4	-0.517543859649123	0.119298245614035
16	LUAD	LUAD.2	32	0.222873900293255	0.0304280085596529	0.0293282010213522	-0.63782991202346	-0.274926686217009	-0.00531671117363293	0.219208211143695	-0.285190615835777	0.302785923753666	-0.0502199413489736	0.356671554252199	-0.179818532512166	0.00916422287390029	0.114369501466276	0.150659824046921	0.131598240469208	0.361803519061584	0.122445239264145	-0.365102639296188	-0.0762463343108504	0.324046920821114	0.327712609970674	0.43658357771261	0.0617725234012231	0.185850439882698	0.0478416279160808	-0.0153958944281525	0.412611128119149	0.00989736070381232	-0.152492668621701	-0.168835933176047	-0.226051892313428	-0.339809384164223	-0.0205278592375367	-0.266495601173021	0.0889011093459739	0.206011730205279	0.100265787241748	-0.0190615835777126	-0.0900009168842746	-0.062683284457478	-0.168988269794721	-0.229105571847507	-0.260861599250288	-0.191348973607038	0.0568181818181818	-0.214442815249267	-0.198313782991202	-0.0348240469208211	0.339442815249267	0.0403225806451613	0.241041152144239	0.00293282010213522	-0.143695014662757	0.00329912023460411	0.12866568914956	-0.0854105571847507	-0.175219941348974	-0.0505865102639296	-0.106884228076828	0.0509530791788856	0.208211143695015	0.122800586510264	0.110897260111988	-0.153958944281525	0.337855184412003	-0.569385894076876	-0.0553519061583578	-0.102465402318349	-0.00146627565982405	-0.295087976539589	-0.0652492668621701	-0.253299120234604	0.204545454545455	0.218108504398827	0.52369168948752	-0.0436296982583054	-0.064155439734208	-0.149207222696129	-0.093475073313783	-0.106874428926857	0.322604376413345
17	LUAD	LUAD.3	56	0.142007587491942	0.0804183256837457	-0.196619901257369	-0.173693115049595	-0.188038277511962	0.240165419327528	0.288521676762508	-0.457910386815172	0.270061517429939	0.337736461711336	0.149902594161169	-0.013943950786056	-0.409432672590567	0.490704032809296	0.120642515379357	0.16971975393028	0.128366370471634	-0.0244019138755981	-0.144260838381254	0.199935063854616	0.232330827067669	0.382911825017088	0.291387559808612	0.437183868762816	0.0736842105263158	0.0797470529507473	-0.363226247436774	0.0269665225844412	-0.0676726422271148	0.305210452064715	-0.0786914405738085	-0.0789361262664989	-0.139302802460697	-0.0253255408740142	0.0016063433482843	0.186059228653766	-0.176965140123035	0.262688403721556	-0.224918402602945	-0.144602607721176	0.194873547505126	0.268831168831169	-0.153451811346548	-0.206493506493507	0.126898955913195	0.123855092276145	0.0929612604588985	0.160187289621639	-0.0531793092919287	-0.181613123718387	-0.367600820232399	-0.247915242652085	0.0744715391690955	0.309364319890636	0.122455954494203	0.140123034859877	-0.0272394818847359	-0.26555023923445	-0.166077074860761	0.0208829316806275	0.260031444998806	-0.0912524137592864	0.237525632262474	0.0432003828134332	-0.265901090418125	-0.0610400041101444	-0.32349020833002	-0.187326976424389	-0.507450444292549	-0.279767600820232	-0.130827067669173	-0.210294268553049	0.290948239075957	-0.0569387720310753	0.306493506493506	0.476502956633612	0.115041525751595	-0.36971975393028	0.268254754905108	0.319280917355526	0.272672898832284	0.144661507624198
18	LUAD	LUAD.6	43	0.250226517668378	-0.115070975536092	-0.436440518301007	0.0101177891875566	-0.110238598610692	0.559800664451827	0.422983992751435	-0.401993355481728	0.198882512836001	0.0937783147085473	0.0173683218029454	-0.251283600120809	-0.279986408626321	0.367109634551495	0.224940537027457	-0.150558743581999	0.162186650558744	0.0359421603306712	-0.345527995111662	-0.0460585925702205	0.132744365254874	0.340531561461794	0.146632437330112	0.0759589247961341	0.0309574146783449	-0.151214178454028	-0.178797946239807	0.413334843802718	0.0140440954394443	-0.108061167391369	-0.199743172146195	-0.267044413685481	-0.138714793116159	-0.367562669888251	-0.396194359779478	0.233917245545153	0.258230141951072	0.178193899124132	-0.344546381489186	0.335548172757475	0.527655076451113	-0.116132442412967	-0.0930232558139535	-0.287828450619148	0.0173663545756569	0.0892479613409846	-0.150256720024162	0.0247659317426759	-0.379341588643914	-0.101479915433404	-0.237595353881702	-0.38713331095662	0.0697674418604651	0.00739957716701903	-0.16800694692383	0.159921473874962	-0.466208564343583	0.0518009515937315	0.382210812443371	-0.290381457330353	0.279371790999698	-0.3063389589528	0.168535508105164	0.0196330137235717	-0.26940501359106	0.284204167925098	-0.450166112956811	-0.41363687876348	-0.33090428756742	-0.0155542132286318	-0.229839927514346	-0.298248263364542	0.0499848988221081	0.351555421322863	0.636665659921474	0.64378751886408	-0.0709053841785917	-0.207037148897614	0.210661431591664	-0.0544418016773401	-0.491637407380252	-0.0127614589203216
19	LUSC	LUSC.basal	43	0.156680635895258	0.188311688311688	-0.219873150105708	-0.141649048625793	0.156843497324859	-0.0137441475665188	0.406705430442912	-0.210963455149502	0.11280579885231	-0.000604047115675023	0.0969568831579464	-0.178042887345213	-0.226668680157052	0.307459981878587	0.219571126547871	-0.0578375113258834	0.159852002983258	-0.126779174779825	0.0884995849385617	-0.0829054666263969	0.032165508909695	0.0449310933597935	0.0332225913621262	-0.019178495922682	-0.11197946170249	0.0953783427280946	-0.0283912863116226	0.182882168741356	0.00588945937783147	-0.119299305345817	-0.250755561063686	-0.277979160397558	0.146783449109031	0.0551192993053458	-0.0712047419996279	0.273180308064029	-0.2642805906667	0.0304300222967657	0.103594080338266	0.0131380247659317	0.156750226517668	0.0379039565086077	-0.0231056744982886	0.0586725063969816	-0.0396420886000049	0.295832074901842	0.0975572923261074	0.187186166932214	0.0232558139534884	-0.128817910764968	-0.209008192847264	0.151615826034431	0.13531166242135	0.1674720628209	0.142560501479637	0.696919359710057	-0.158864391422531	-0.312292358803987	-0.317287726280421	-0.0392882858398652	0.0284667950518131	0.0200845665961945	-0.318181818181818	0.370733917245545	-0.0326197757622898	0.182058446490505	-0.0229537903956509	-0.234068257324071	-0.164904862579281	-0.144669284204168	-0.0452314431554594	0.116891943246496	0.176532769556025	-0.204318936877076	0.162274409584445	0.114093706427824	-0.156448202959831	0.0092117185140441	0.120507399577167	0.209302325581395	0.0573866425447691	0.312160135091873
20	LUSC	LUSC.classical	65	0.155750781267073	0.0223999650342009	-0.205292947835399	-0.14578712152711	0.173668855657829	0.0912438671277659	0.123997464979567	-0.190948129867055	-0.212854301885968	0.300359496067845	0.0346395087421392	-0.121332648586196	-0.112481833982916	0.262065800559794	0.0438378915879708	0.169975633485163	0.053324591625658	-0.234661654970903	0.107453097177494	0.188902729517691	0.0046547711406968	0.0918497798326228	-0.122161760527984	0.0362984735431802	0.100484063076248	0.0853174820029735	-0.0696467400253554	0.275744132239457	-0.0115169859158727	0.124389471046226	-0.0702786031722746	-0.116470691782572	-0.0375878232957676	0.0300046984797029	-0.108613700193335	0.482965099761795	-0.287022366957332	0.157695753840774	-0.173255534430385	0.0934689729832781	0.217552831137044	0.131098460436808	0.244656672115769	-0.114403723857602	-0.0271856117325203	0.0567750958851187	0.08955517434073	-0.206429336305426	0.227799691880861	-0.0508746817631087	-0.128847561716189	-0.184750540877204	0.186804781573024	0.09355638843615	0.145303161100906	0.0941454140169147	0.0546777683078739	-0.0783006807376368	-0.258749740500821	-0.106220633407389	0.0542079153827662	-0.301467454863438	0.181800301580017	0.259771195067901	0.029174269825494	0.0848813322463286	0.0587206888262418	-0.113354749885268	-0.131622941692098	-0.250680186642878	-0.213129801033299	0.124848392144605	-0.0478594374877073	-0.282089666417618	-0.0101401925331403	0.474070674621386	0.206254507310037	-0.0182475770069569	0.0529289000129937	0.296397469395637	-0.0129389009426008	0.450268310849845
21	LUSC	LUSC.primitive	27	-0.241147741147741	-0.0879120879120879	-0.529304029304029	0.0433455433455433	-0.103785103785104	0.105616605616606	0.0757020757020757	0.00854700854700855	0.275683105028438	0.202442757528944	0.477789656001668	-0.053732255243638	0.336996336996337	0.294261294261294	0.0805860805860806	0.163003663003663	-0.0952526342955402	0.3998778998779	0.316849816849817	0.157509157509158	0.319291819291819	-0.155067155067155	-0.0754083354839693	0.223443223443223	-0.244200244200244	0.206959706959707	0.00671550671550672	0.047008547008547	-0.000610500610500611	0.0580064119107456	-0.0152695083970231	0.120286980488599	-0.115384615384615	0.0286935286935287	0.236263736263736	0.0122118761917359	-0.014041514041514	0.278998778998779	0.0641025641025641	-0.34981684981685	0.339438339438339	-0.105632729058516	-0.463980463980464	-0.00641123500066136	0.00732600732600733	-0.183150183150183	0.214896214896215	-0.263125763125763	-0.317460317460317	-0.207570207570208	-0.227716727716728	0.175824175824176	0.0494505494505494	-0.00457945357190097	-0.159340659340659	0.167887667887668	-0.156288156288156	-0.224664224664225	0.249732868121	0.156946572201926	-0.28998778998779	0.0671550671550672	-0.538543740055554	0.0757020757020757	0.0366300366300366	0.262555338122322	-0.0128205128205128	0.252785837168933	-0.0354090354090354	-0.047008547008547	-0.094017094017094	-0.13003663003663	0.264346764346764	-0.336385836385836	0.120879120879121	0.22011906835604	0.0952380952380952	-0.355311355311355	0.0244200244200244	-0.290598290598291	0.404518398851252	0.176183214320061
22	LUSC	LUSC.secretory	44	0.0810458438080242	-0.0198731501057082	-0.250114521456242	-0.454827343199436	-0.0662438336856942	0.549388592420678	0.31092318534179	-0.384509672883983	0.0290345313601128	0.2111420417816	0.147887080241781	-0.0337573558122118	-0.239323467230444	0.436363636363636	0.201416540524638	-0.0163495419309373	0.121075443184509	-0.182804792107118	-0.199295278365046	0.29986962208969	0.227906976744186	0.10077519379845	0.130307621913945	0.260183227625088	0.0152219873150106	0.171078142872642	-0.134178999295278	0.410091969668603	-0.00838648296796077	-0.0228329809725159	-0.1574548458735	-0.280648589870361	-0.312050739957717	-0.00197322057787174	-0.107269972760009	0.198731501057082	-0.0324171952078929	0.243269908386187	-0.0563777307963354	-0.127977448907681	0.190415785764623	0.223334155676199	-0.038128127517343	-0.174424750804226	0.0652618227006648	0.180972515856237	-0.0828781846245534	-0.0250880902043693	-0.18830162085976	-0.235244370983639	-0.198738503946633	-0.130514446793517	-0.143904157857646	0.0364366763890321	0.0195912614517266	0.401409443269908	0.0773784355179704	-0.370837591406803	-0.343376680214694	-0.154253123384277	0.0796363508722325	0.0479261376325928	0.0263575178993053	0.280056377730796	-0.397406533246477	-0.0679351656095842	-0.265116279069767	-0.340380549682875	-0.260756193121469	-0.469924944792961	-0.166737138830162	-0.338830162085976	-0.124171952078929	0.122057787174066	0.176398040914334	0.331019415970687	-0.278646934460888	-0.194221282593376	0.305366644539277	0.122903453136011	-0.1583565313362	0.260581501842947
23	READ	GI.CIN	102	0.0376481498241792	-0.0352052745724389	-0.128110739792024	0.104698142174564	0.0117107208794535	0.00355968480421425	0.0858793194116949	-0.284312755341189	0.343424862033899	0.0462716359338864	-0.251757900327399	0.0248067538606818	0.0208370441373976	0.235464253310025	-0.22301889780165	0.185661738726543	-0.0325110617906557	0.0391947864687242	-0.02187766826692	0.0206844295669642	-0.101504960464158	0.0268027537851479	-0.234312710987464	0.0639083501557844	0.098378824633723	-0.123929835722057	-0.164632905096272	0.0215470566123372	0.0164697366969449	-0.184222430818457	-0.14583887053416	-0.248058969146442	-0.0422117486070114	0.0276990845193868	-0.228850123003693	0.10263558177406	-0.365485419599993	-0.407165515954469	0.0328279044257206	0.208355244929233	-0.0824161066238702	0.170287959966188	-0.0896869354310075	-0.092469761997659	-0.000460847733654341	9.0473942091384e-05	0.0517083928245327	0.128754272729591	-0.0859780319205008	0.0607557358743717	-0.335152267465912	-0.159888265950896	-0.0928028589538043	0.063522087272491	0.148002804670782	0.0385301543425311	-0.115059585236327	-0.070551913080681	-0.169484576900205	-0.0734736928086757	-0.187841929826854	-0.048866897645973	0.00648865968888361	0.0944149462529757	-0.0126409418366021	-0.159949899915476	-0.175551390037895	-0.163662632077385	-0.116332196757649	-0.417409300649033	-0.188318150717852	0.20300386247793	-0.169776272391848	0.114927677189899	0.131665031539177	0.0847156682933142	-0.132001481511329	-0.0285812837688063	-0.322558574158401	0.206884559938589	0.150990899226423	0.0981115547716147
24	STAD	GI.MSI	61	0.140938177636664	-0.0241148628996007	-0.139655719547475	-0.10594021445457	0.150241941881065	0.271639541517983	0.0474383552961249	-0.0991710406369313	0.138581136465798	-0.199182961188232	-0.0345069212188229	-0.0618992847659167	-0.126680680612348	0.318755123086279	0.331839395050088	0.242388186009893	0.0445411036780454	-0.120547872762368	0.26484042412544	0.0561086212188276	0.24720051827277	0.180568225402155	0.163885877468997	0.0950039001127462	0.0119515064990151	-0.0117404410639173	-0.226552790925196	0.153335624950422	-0.217277486986955	-0.00975700044950951	-0.0261692876364406	-0.106308427414472	-0.21192770926904	0.0967515898388299	0.0400862012013299	0.00430994592774217	-0.239191940558978	0.197596478024646	-0.0530414204358945	-0.0627462386631058	-0.0602871572490018	0.109546662445619	0.144398318305614	-0.103745521380883	0.0447664502861818	0.0582247018694307	0.20072717672959	0.0709960601813903	-0.141408532647639	-0.141572796072552	0.0150459443497743	-0.139689842553754	0.116555170681404	0.135039729244849	-0.0735344668024009	0.142201774229432	0.170683660128354	-0.0726080461201227	-0.0972459113888382	-0.184026448999973	0.0173986620481768	0.000846146727204853	0.0222903831407494	-0.104751705573667	-0.250614770353526	-0.315079721832941	-0.295781165328546	-0.204053571682495	-0.116186522479316	-0.395806340728205	-0.00920172400116344	-0.228978264398629	-0.150400592294878	-0.140749358787911	0.138235566320467	-0.0140409328940092	-0.0642807091823437	-0.312426457977779	0.0114755615499393	-0.204048176223229	0.194354465678104	0.338402141091383
