Term	Overlap	P.value	Adjusted.P.value	Old.P.value	Old.Adjusted.P.value	Odds.Ratio	Combined.Score	Genes
lysosome (GO:0005764)	57/422	0.000428632747779431	0.191170205509626	0	0	1.57150773760783	12.1869011817398	ABCD4;RNF13;CPQ;BBC3;SGSH;RPTOR;FLCN;LAMP1;GNLY;ANPEP;RNF152;CTSD;TMEM8A;UBXN6;SLC36A1;VPS18;HSP90AA1;TMEM150A;SLC11A1;AP5B1;VCAN;VAMP7;WDR81;RRAGD;SPNS1;VAMP4;RAB7B;ATP6V0D2;ARL8A;RAB7A;GRN;LRP1;GBA;BCL10;WDR24;PSAP;NEU1;SLC17A5;GPC3;AGA;SLC15A4;RILP;ATP6V1C1;EGF;LAPTM5;GLMP;CTNS;MARCH8;MCOLN1;CP;CLCN7;CLCN6;DAB2;PQLC2;GOPC;MAN2B1;ADA
lytic vacuole (GO:0000323)	29/183	0.000952384085925547	0.212381651161397	0	0	1.84374572839082	12.8260948788449	GRN;CPQ;GBA;BCL10;BBC3;SGSH;RPTOR;FLCN;LAMP1;PSAP;NEU1;SLC17A5;AGA;RNF152;CTSD;RILP;VPS18;TMEM150A;SLC11A1;LAPTM5;GLMP;CTNS;MARCH8;MCOLN1;RRAGD;VAMP4;RAB7B;ADA;RAB7A
lytic vacuole membrane (GO:0098852)	34/233	0.00161030916322363	0.239399295599246	0	0	1.69776319698797	10.9188738393917	ABCD4;RNF13;LRP1;GBA;WDR24;RPTOR;LAMP1;ANPEP;PSAP;SLC17A5;RNF152;SLC15A4;RILP;TMEM8A;ATP6V1C1;UBXN6;SLC36A1;VPS18;EGF;CTNS;AP5B1;MCOLN1;CP;CLCN7;CLCN6;DAB2;VAMP7;WDR81;PQLC2;SPNS1;GOPC;ATP6V0D2;ARL8A;RAB7A
lysosomal membrane (GO:0005765)	40/291	0.00208427887862202	0.232397094966355	0	0	1.59926753546876	9.87281000522153	ABCD4;PIGR;B4GALT1;RNF13;LRP1;GBA;WDR24;RPTOR;LAMP1;ANPEP;PSAP;CPNE1;SLC17A5;TOM1;RNF152;SLC15A4;RILP;TMEM8A;ATP6V1C1;UBXN6;SLC36A1;VPS18;EGF;CTNS;AP5B1;MCOLN1;CP;CLCN7;CLCN6;DAB2;VAMP7;WDR81;PQLC2;SPNS1;CDIP1;GOPC;CD68;ATP6V0D2;ARL8A;RAB7A
autophagosome (GO:0005776)	13/64	0.00275123545447435	0.245410202539112	0	0	2.36329261198371	13.9332765699925	GABARAPL1;ATG9B;MAP1LC3B2;WIPI1;ATG14;ZFYVE1;MAP1LC3B;WDR81;TP53INP2;TP53INP1;PRKD1;SQSTM1;FTL
autophagosome membrane (GO:0000421)	6/18	0.00299925709231708	0.22294477719557	0	0	3.87822377351173	22.5301169551102	GABARAPL1;MAP1LC3B;WDR81;MAP1LC3B2;WIPI1;PRKD1
endoplasmic reticulum lumen (GO:0005788)	37/270	0.00315178502792082	0.200813731778955	0	0	1.59438088466593	9.18329319420088	CALR3;SERPINA1;ITIH2;SERPINC1;COL14A1;TNC;PRSS23;THBS1;GPC3;APOE;MBTPS1;IGFBP5;GOLM1;IGFBP3;FGG;P3H1;APOA1;TOR1B;CP;APOA5;COL1A1;DNAJC3;COL3A1;IL6;VCAN;COL1A2;IL23A;COL6A2;COL5A2;CALU;COL20A1;SPARCL1;COL21A1;COL6A3;SCG2;CES2;FBN1
Cul3-RING ubiquitin ligase complex (GO:0031463)	13/70	0.00614821312429682	0.342762881679548	0	0	2.16072467381368	11.0015323273645	KLHL18;PDCD6;KLHL21;KLHL3;KLHDC8B;KLHL35;KLHDC7B;KLHL24;KLHL41;KBTBD11;KLHL9;GAN;KBTBD8
extrinsic component of endosome membrane (GO:0031313)	3/7	0.017035974231142	0.844227167454371	0	0	4.9862877088008	20.3062978785057	ANXA1;WDR81;SNX16
late endosome membrane (GO:0031902)	9/48	0.0196301255115035	0.875503597813054	0	0	2.18150087260035	8.5748033962753	PIKFYVE;VAMP7;RNF13;WDR81;SLC11A1;CDIP1;RAB7B;UBXN6;RAB7A
platelet alpha granule (GO:0031091)	14/90	0.0211200038684338	0.856320156847408	0	0	1.80983776097214	6.98151185026367	TOR4A;SERPINA3;FAM49B;TGFB2;SERPINA1;SERPINE2;EGF;FGG;VEGFD;LHFPL2;GTPBP2;THBS1;VAMP7;A2M
microtubule minus-end (GO:0036449)	3/8	0.0255359283234563	0.949085336021794	0	0	4.3630017452007	16.0020456570719	SVIL;ABRAXAS2;CAMSAP2
death-inducing signaling complex (GO:0031264)	3/8	0.0255359283234563	0.876078771712425	0	0	4.3630017452007	16.0020456570719	TRADD;FAS;FADD
platelet alpha granule lumen (GO:0031093)	11/67	0.0268248980133933	0.854564608140958	0	0	1.91016991829682	6.91180619005509	TOR4A;SERPINA3;FAM49B;TGFB2;SERPINA1;EGF;FGG;VEGFD;GTPBP2;A2M;THBS1
Golgi cis cisterna (GO:0000137)	6/28	0.0290695169601795	0.864333637616004	0	0	2.4931438544004	8.82090546244403	GOLGA6A;GOLGA8R;GOLGA6B;GOLT1A;GOLGA8J;GOLGA8N
microtubule end (GO:1990752)	5/22	0.0357127411138405	0.995492658548305	0	0	2.64424348193982	8.81127441938475	SVIL;CLIP2;NCKAP5L;ABRAXAS2;CAMSAP2
endoplasmic reticulum quality control compartment (GO:0044322)	3/9	0.0358964256941926	0.941753285859406	0	0	3.87822377351173	12.9033063846441	EDEM3;EDEM1;SYVN1
calcium channel complex (GO:0034704)	5/24	0.0500289376824665	1	0	0	2.42388985844483	7.25992264717366	PDE4D;FKBP1B;PKD1L1;AKAP6;HERPUD1
azurophil granule membrane (GO:0035577)	9/58	0.0581567785580111	1	0	0	1.80538003249684	5.13560721537478	PIGR;B4GALT1;VAMP7;LAMP1;PSAP;CPNE1;TOM1;CD68;ARL8A
endocytic vesicle lumen (GO:0071682)	4/18	0.0628793655107083	1	0	0	2.58548251567449	7.15283361486821	HSP90AA1;GNLY;APOA1;APOE
nuclear body (GO:0016604)	64/618	0.0678606324092557	1	0	0	1.20488505584831	3.24150130225817	TENM1;CDKN1A;RAPH1;AKR1B1;CHD5;TCF20;NR3C1;AFF3;HOXC10;SART1;PNN;DUSP10;SNAPC2;UIMC1;CIR1;SBF1;REXO1;RBM15;ATMIN;MSX2;CDYL;TERF2;REXO4;ITPKC;SYF2;PRPF3;SGK1;SQSTM1;DOCK1;DDR2;PRKN;SPTBN4;AP5Z1;GATA4;AKAP17A;C12ORF57;HMBOX1;UBN1;MKNK2;SH3BP5;LPXN;CORIN;TOE1;GADD45A;LIMK1;NFATC1;INO80;NR1D1;CHFR;POU6F1;HINFP;SETX;ISG20;NR4A2;UBOX5;SON;POLR3D;BHLHE40;MDM2;FAS;S100P;SIM2;HSPA1B;HSPA1A
catenin complex (GO:0016342)	5/28	0.0873700058661879	1	0	0	2.077619878667	5.06441294259585	CDH4;ANKAR;ARMC7;CDH26;CDH15
Golgi cisterna membrane (GO:0032580)	5/28	0.0873700058661879	1	0	0	2.077619878667	5.06441294259585	GOLGA6A;GOLGA8R;GOLGA6B;GOLGA8J;GOLGA8N
IPAF inflammasome complex (GO:0072557)	2/6	0.0877323785038385	1	0	0	3.87822377351173	9.43751891244219	CASP4;NLRC4
AP-1 adaptor complex (GO:0030121)	2/6	0.0877323785038385	1	0	0	3.87822377351173	9.43751891244219	AFTPH;SYNRG
protein kinase complex (GO:1902911)	2/6	0.0877323785038385	1	0	0	3.87822377351173	9.43751891244219	INSR;NEK10
secondary lysosome (GO:0005767)	3/13	0.094590384332489	1	0	0	2.68492415089274	6.33158666565849	NCF2;SQSTM1;FTL
spindle midzone (GO:0051233)	5/30	0.110248303672578	1	0	0	1.93911188675587	4.27578078526919	CTDP1;AURKC;OR2A4;GEM;ARL8A
azurophil granule (GO:0042582)	18/154	0.112117175393769	1	0	0	1.35989664785476	2.97574045788971	SERPINA3;PIGR;GRN;B4GALT1;FAF2;C6ORF120;DNAJC3;VAMP7;LAMP1;TOLLIP;PSAP;CPNE1;TOM1;MAN2B1;AGA;CD68;ARL8A;FTL
extrinsic component of external side of plasma membrane (GO:0031232)	2/7	0.11601096498054	1	0	0	3.3241918058672	7.16054372691344	ANXA1;SERPINE2
cyclin-dependent protein kinase activating kinase holoenzyme complex (GO:0019907)	2/7	0.11601096498054	1	0	0	3.3241918058672	7.16054372691344	CDK7;HOXC10
pre-autophagosomal structure (GO:0000407)	4/23	0.130110649156648	1	0	0	2.02342109922351	4.12650437451142	STX12;ATG9B;WIPI1;ZFYVE1
very-low-density lipoprotein particle (GO:0034361)	3/15	0.13266598499094	1	0	0	2.32693426410704	4.70022268909426	APOA1;APOE;APOA5
synaptonemal structure (GO:0099086)	3/15	0.13266598499094	1	0	0	2.32693426410704	4.70022268909426	STAG3;MLH3;CCNB1IP1
Golgi cisterna (GO:0031985)	7/50	0.134341087120664	1	0	0	1.62885398487493	3.26971797744659	GOLGA6A;GOLGA8R;B4GALT1;GOLGA6B;GOLT1A;GOLGA8J;GOLGA8N
membrane raft (GO:0045121)	14/119	0.14223561510979	1	0	0	1.36878486123943	2.66950051000593	CRB2;RFTN2;STX12;ANGPT1;CBL;SULF1;TNF;EGFR;ACE2;ADAM17;PIKFYVE;FAS;DMD;CTSD
autolysosome (GO:0044754)	2/8	0.146169329115218	1	0	0	2.9086678301338	5.59333781514973	SQSTM1;FTL
apical dendrite (GO:0097440)	2/8	0.146169329115218	1	0	0	2.9086678301338	5.59333781514973	MAP1B;NSMF
clathrin coat of trans-Golgi network vesicle (GO:0030130)	2/8	0.146169329115218	1	0	0	2.9086678301338	5.59333781514973	AFTPH;SYNRG
cullin-RING ubiquitin ligase complex (GO:0031461)	20/181	0.147086566044245	1	0	0	1.28559904094312	2.46415136755366	KLHL18;PDCD6;KLHL21;KLHDC8B;KLHL3;FBXL15;KLHL35;KLHDC7B;KLHL24;FBXO32;FBXO44;KLHL41;KBTBD11;KLHL9;SPSB2;GAN;ZSWIM6;FBXL2;ZSWIM4;KBTBD8
ficolin-1-rich granule membrane (GO:0101003)	8/61	0.150403910402604	1	0	0	1.52585853384068	2.89063350638412	MGAM;CR1;DOK3;LAMP1;SLC11A1;SLC2A3;DSC1;ARL8A
nuclear cyclin-dependent protein kinase holoenzyme complex (GO:0019908)	3/16	0.153392685745405	1	0	0	2.18150087260035	4.08977764423061	CDK7;CCNT1;HOXC10
nuclear transcription factor complex (GO:0044798)	9/71	0.153846017902135	1	0	0	1.47481749133545	2.76056789401682	ASCL5;NFAT5;MXI1;RORA;GATA4;NFATC1;NR1D1;ASCL1;E2F6
vacuole (GO:0005773)	8/62	0.160545144862062	1	0	0	1.50124791232712	2.74605280574034	MAP1LC3B;GABARAPL1;ATG9B;TP53INP2;TP53INP1;ATG14;ZFYVE1;SQSTM1
Cajal body (GO:0015030)	5/34	0.163492021312907	1	0	0	1.71098107654929	3.09857148332648	TOE1;ISG20;SART1;PRPF3;HINFP
phagocytic vesicle (GO:0045335)	10/83	0.173873836284297	1	0	0	1.40176762898014	2.45228778512343	STX12;VAMP7;NCF2;GNLY;SLC11A1;RAC2;CYBA;RAB7B;ATP6V0D2;RAB7A
clathrin adaptor complex (GO:0030131)	3/17	0.175046318365934	1	0	0	2.05317729185915	3.57808164193095	AFTPH;SYNRG;EGFR
junctional sarcoplasmic reticulum membrane (GO:0014701)	2/9	0.177675886138462	1	0	0	2.58548251567449	4.46718183147675	JPH3;AKAP6
preribosome, large subunit precursor (GO:0030687)	4/26	0.180242035685855	1	0	0	1.78994943392849	3.06699724994879	NWD2;WDR37;PPAN-P2RY11;RRS1
cation channel complex (GO:0034703)	8/65	0.192776741591792	1	0	0	1.43195954714279	2.35732408141407	SCNN1G;OLFM2;PDE4D;FKBP1B;PKD1L1;AKAP6;GRIN2C;HERPUD1
secretory granule lumen (GO:0034774)	32/317	0.193019109747994	1	0	0	1.17447786200986	1.93197624558687	TOR4A;SERPINA3;PCSK1;FAM49B;GRN;SERPINA1;CRISP3;FAF2;THBS1;NEU1;TIMP3;AGA;A2M;CTSD;TGFB2;HSP90AA1;EGF;HSPA6;FGG;APOA1;VEGFD;AMPD3;GTPBP2;C6ORF120;CHIT1;DNAJC3;TOLLIP;LCN2;CHI3L1;MAN2B1;S100P;FTL
nuclear speck (GO:0016607)	30/296	0.195900596807226	1	0	0	1.17918966086505	1.92225355826037	PRKN;TENM1;AP5Z1;AKR1B1;CHD5;AKAP17A;NR3C1;C12ORF57;PNN;SART1;DUSP10;LPXN;CIR1;RBM15;MSX2;GADD45A;LIMK1;CDYL;REXO4;NR4A2;ITPKC;SON;SYF2;PRPF3;POLR3D;SGK1;DOCK1;HSPA1B;DDR2;HSPA1A
early endosome (GO:0005769)	23/222	0.20203830900974	1	0	0	1.20539387555094	1.92778395531522	TMEM184A;AOC3;EPHA4;PTPN1;ANXA1;PARM1;LRP1;MGRN1;WASHC2C;LMTK2;APOA1;TMEM163;EGFR;WASHC2A;PIKFYVE;WDR81;SNX16;RPS6KC1;TOM1;APOE;RAB17;ATP6V0D2;UBXN6
nucleoplasm part (GO:0044451)	40/407	0.207301556964624	1	0	0	1.14345664083884	1.79932135720919	CDKN1A;CTDP1;RAPH1;GATA4;TCF20;TAF1L;AFF3;HOXC10;ING4;HMBOX1;SNAPC2;UBN1;UIMC1;MKNK2;SH3BP5;RPRD1A;SBF1;PPARGC1A;CORIN;TOE1;POLR2M;REXO1;ATMIN;NFATC1;INO80;NR1D1;TERF2;POU6F1;SETX;UBOX5;CDK7;KANSL2;POLR3D;BHLHE40;MDM2;FAS;ERCC5;S100P;SIM2;DDR2
CatSper complex (GO:0036128)	2/10	0.210076454190408	1	0	0	2.32693426410704	3.63067771250219	CATSPER3;CATSPERB
preribosome, small subunit precursor (GO:0030688)	2/10	0.210076454190408	1	0	0	2.32693426410704	3.63067771250219	NOB1;RIOK3
synaptonemal complex (GO:0000795)	4/28	0.216676650986235	1	0	0	1.6620959029336	2.54192491373282	FAM9B;STAG3;MLH3;CCNB1IP1
vacuolar lumen (GO:0005775)	17/161	0.221029970370956	1	0	0	1.2285056673857	1.85437644738212	SERPINA3;HSP90AA1;GRN;FAF2;GBA;C6ORF120;SGSH;DNAJC3;VCAN;TOLLIP;PSAP;NEU1;GPC3;MAN2B1;AGA;CTSD;FTL
late endosome (GO:0005770)	15/140	0.222051850596229	1	0	0	1.2465719272002	1.87589673789175	VPS18;PARM1;RNF13;SLC11A1;CTNS;MCOLN1;PIKFYVE;VAMP7;LAMP1;WDR81;SNX16;RAB7B;RILP;UBXN6;RAB7A
spindle pole centrosome (GO:0031616)	2/11	0.242984887917753	1	0	0	2.11539478555185	2.99276752279723	ABRAXAS2;AURKC
beta-catenin-TCF complex (GO:1990907)	2/11	0.242984887917753	1	0	0	2.11539478555185	2.99276752279723	TLE4;BCL9L
clathrin-coated vesicle membrane (GO:0030665)	9/81	0.259384151049668	1	0	0	1.29274125783724	1.74448336560557	VAMP7;EGF;GAD1;TYRP1;SLC17A7;APOE;VAMP4;SLC18A2;EGFR
endosomal part (GO:0044440)	4/31	0.27445811382018	1	0	0	1.50124791232712	1.94104842724725	ANXA1;WDR81;SNX16;EGFR
aggresome (GO:0016235)	5/41	0.274682161838399	1	0	0	1.41886235616283	1.83336969149934	PRKN;EDEM1;SQSTM1;HSPA1B;HSPA1A
holo TFIIH complex (GO:0005675)	2/12	0.276074748806957	1	0	0	1.93911188675587	2.4957991485783	CDK7;ERCC5
filopodium membrane (GO:0031527)	2/12	0.276074748806957	1	0	0	1.93911188675587	2.4957991485783	DMD;ANTXR1
RNA polymerase II transcription factor complex (GO:0090575)	15/147	0.281358663040591	1	0	0	1.18721135923829	1.50553245551244	TLE4;ASCL5;RORA;GATA4;TAF1L;NR1D1;FOS;ASCL1;CDK7;DDIT3;MXI1;ERCC5;JUNB;E2F6;BCL9L
specific granule lumen (GO:0035580)	7/62	0.28225664123969	1	0	0	1.31359192328623	1.66161305825856	CHIT1;CRISP3;TOLLIP;NEU1;LCN2;CHI3L1;CTSD
perinuclear region of cytoplasm (GO:0048471)	36/378	0.282753479759255	1	0	0	1.10806393528907	1.39968404356993	EIF4A2;PRKN;ANKRD13C;ACHE;TENM1;DCUN1D3;GDPD1;AKAP6;NLRC3;BCL10;AMBRA1;ZFYVE1;BICD1;SCEL;LAMP1;NOCT;HMOX1;INPP5K;TMEM184A;TRAPPC2;GALNT4;OSBPL3;PDE2A;SPINK5;ALG2;LMTK2;MEX3D;ZNF35;MYO16;RNF41;CHERP;SLC8A3;ADCY10;ADGRB1;HSPA1B;HSPA1A
nuclear DNA-directed RNA polymerase complex (GO:0055029)	6/52	0.28743090445175	1	0	0	1.34246207544637	1.67374517380979	POLR2M;CTDP1;POLR3D;ERCC5;RPRD1A;PPARGC1A
early endosome membrane (GO:0031901)	8/73	0.289479157246271	1	0	0	1.27503247348331	1.58062203129375	TMEM184A;EPHA4;PIKFYVE;ANXA1;WDR81;TMEM163;UBXN6;EGFR
smooth endoplasmic reticulum (GO:0005790)	2/13	0.309071903742142	1	0	0	1.78994943392849	2.10172520868087	TH;SYVN1
nuclear nucleosome (GO:0000788)	2/13	0.309071903742142	1	0	0	1.78994943392849	2.10172520868087	HIST3H2A;HIST1H3A
nuclear telomere cap complex (GO:0000783)	2/13	0.309071903742142	1	0	0	1.78994943392849	2.10172520868087	STN1;TERF2
lipid droplet (GO:0005811)	7/64	0.310215783809699	1	0	0	1.27254217568354	1.48949426045774	FAF2;PLIN2;PLIN1;CIDEC;DHRS3;PNPLA1;RAB7A
lysosomal lumen (GO:0043202)	9/86	0.319098469444327	1	0	0	1.21758188238159	1.39078965321565	HSP90AA1;VCAN;GBA;PSAP;NEU1;GPC3;MAN2B1;CTSD;SGSH
microtubule plus-end (GO:0035371)	2/14	0.34174795330516	1	0	0	1.6620959029336	1.78456210797253	CLIP2;NCKAP5L
serine/threonine protein kinase complex (GO:1902554)	3/25	0.365195727070288	1	0	0	1.39616055846422	1.40638300952939	ACVR1;DAB2;ACVR1C
azurophil granule lumen (GO:0035578)	9/90	0.368684086141471	1	0	0	1.16346713205352	1.16092511547708	DNAJC3;SERPINA3;GRN;TOLLIP;FAF2;MAN2B1;AGA;C6ORF120;FTL
lamellar body (GO:0042599)	2/15	0.373914402767678	1	0	0	1.55128950940469	1.52604751191373	SPINK5;KLK7
intrinsic component of the cytoplasmic side of the plasma membrane (GO:0031235)	2/15	0.373914402767678	1	0	0	1.55128950940469	1.52604751191373	SYNGAP1;RASAL3
Cul2-RING ubiquitin ligase complex (GO:0031462)	2/15	0.373914402767678	1	0	0	1.55128950940469	1.52604751191373	ZSWIM6;ZSWIM4
Ino80 complex (GO:0031011)	2/15	0.373914402767678	1	0	0	1.55128950940469	1.52604751191373	INO80B;INO80
cis-Golgi network (GO:0005801)	5/47	0.379122307464086	1	0	0	1.2377309915463	1.20047085140132	GOLGA6A;GOLGA8R;GOLGA6B;GOLGA8J;GOLGA8N
actin cytoskeleton (GO:0015629)	27/294	0.3881704109107	1	0	0	1.06849022331446	1.01112387263847	DCTN4;WAS;RCSD1;PPP1R9A;RND1;RAC2;ABL2;CORIN;PGM1;POLR2M;SVIL;ANXA1;ALG2;MYBPH;KLHL21;PARVB;POU6F1;TTC17;ACTA1;ARC;ADAM17;PARVG;MYO1A;KANSL2;CDC42EP3;FILIP1;DDR2
secretory vesicle (GO:0099503)	2/16	0.405417495949248	1	0	0	1.4543339150669	1.31302776126417	SYT10;NKD2
axonemal dynein complex (GO:0005858)	2/16	0.405417495949248	1	0	0	1.4543339150669	1.31302776126417	DNAH17;DNHD1
vacuolar proton-transporting V-type ATPase complex (GO:0016471)	2/16	0.405417495949248	1	0	0	1.4543339150669	1.31302776126417	ATP6V0D2;ATP6V1C1
BLOC-1 complex (GO:0031083)	2/16	0.405417495949248	1	0	0	1.4543339150669	1.31302776126417	STX12;BLOC1S3
T cell receptor complex (GO:0042101)	2/16	0.405417495949248	1	0	0	1.4543339150669	1.31302776126417	CEACAM1;BCL10
exocytic vesicle (GO:0070382)	2/16	0.405417495949248	1	0	0	1.4543339150669	1.31302776126417	SYT10;NKD2
phagocytic vesicle membrane (GO:0030670)	4/38	0.414770607560514	1	0	0	1.22470224426686	1.07777430506335	SLC11A1;RAC2;CYBA;ATP6V0D2
axolemma (GO:0030673)	1/6	0.416837624969818	1	0	0	1.93911188675587	1.69683638079569	ROBO2
FACIT collagen trimer (GO:0005593)	1/6	0.416837624969818	1	0	0	1.93911188675587	1.69683638079569	COL14A1
pre-snoRNP complex (GO:0070761)	1/6	0.416837624969818	1	0	0	1.93911188675587	1.69683638079569	PIH1D1
meiotic cohesin complex (GO:0030893)	1/6	0.416837624969818	1	0	0	1.93911188675587	1.69683638079569	STAG3
nuclear chromatin (GO:0000790)	23/253	0.420814918316147	1	0	0	1.05769739277593	0.915502846173611	HIST2H2AA3;KDM6B;FOXD3;INO80B;MEF2B;CITED2;AKR1B1;NFATC1;INO80;NR1D1;KLF4;KLF2;ZEB2;HIST1H3A;HIST3H2A;POLR3D;NRIP1;HIST1H1D;SNAI2;HIST1H1E;NSMF;MXD1;JUNB
integral component of endoplasmic reticulum membrane (GO:0030176)	12/128	0.420816829560072	1	0	0	1.09075043630017	0.944107356191855	SLC35B3;ERN1;TBL2;FICD;EDEM1;EIF2AK3;DERL1;SYVN1;BFAR;MBOAT4;SLC37A3;TAPT1
integral component of plasma membrane (GO:0005887)	128/1463	0.428135797003741	1	0	0	1.01793433289713	0.86352881194434	OXTR;VIPR2;STEAP4;RRH;CLDN1;TNF;SLC8A1;ICAM1;LAMP1;ADORA1;ENPP2;MFSD2B;TMEM8A;ACVR1;CHRNB2;EPHA4;SEMA6A;MIGA1;SLC11A1;SLC6A13;NPY1R;GPR75;KCNK15;LMTK2;PCDHA12;TMEM130;PCDHA11;GABRG2;SCNN1G;PROCR;CACNB2;ADAM17;ADGRB1;PRKD1;RHCG;SLC22A1;CHRNA9;PCDH12;PCDH19;MCHR1;ADGRG1;ASIC4;FLRT2;FLRT3;PCDHA5;PLXNA2;DRD1;PCDHA8;HTR1E;BTN2A1;INSR;TRPV3;BFAR;GRIN2C;DCLK1;PTPRD;BMP2;IL6;DAB2;MC1R;TOLLIP;CD320;PIGR;TENM1;GAL3ST1;PCDHGB5;SLC2A3;LRRC32;PTPRH;NAGPA;PKD1;GABRR2;BDKRB2;BDKRB1;SLC18A2;GRID2;TMEM150A;CR1;TPSG1;GPR35;IFNGR1;ADRA2A;SLC7A5;CEACAM1;ADORA2A;PCDHGB1;MET;DDR2;CX3CR1;SELPLG;LRP1;SLC43A2;SLC20A2;PTGER1;ADCY1;SLC7A2;EGFR;ACVR1C;GPNMB;ERBB4;PRRG2;HAS3;SLITRK6;LRRC8C;GPC3;SLC17A5;CHRNA10;RELT;MUC4;LRRC8E;GABBR2;GOLM1;SLC31A1;PCDH8;ADRM1;LAPTM5;KCNJ15;ATP2B2;MCOLN1;EPOR;SLC8A3;IL2RB;FAS;ESYT2;LTBR;KCNK2;KCNK3;HCN2
acetylcholine-gated channel complex (GO:0005892)	2/17	0.436133641949229	1	0	0	1.36878486123943	1.13582666306408	CHRNB2;CHRNA9
peroxisomal membrane (GO:0005778)	4/40	0.454254200811387	1	0	0	1.16346713205352	0.918089963877252	ATAD1;PEX16;ABCD2;PEX5L
sarcoplasmic reticulum (GO:0016529)	3/29	0.460009413981711	1	0	0	1.20358668833123	0.934595082783623	AKAP6;THBS1;THBS4
nuclear euchromatin (GO:0005719)	2/18	0.46596537044847	1	0	0	1.29274125783724	0.98719405333867	HIST1H1D;NSMF
Golgi trans cisterna (GO:0000138)	1/7	0.466975380826365	1	0	0	1.6620959029336	1.26565069462217	B4GALT1
flotillin complex (GO:0016600)	1/7	0.466975380826365	1	0	0	1.6620959029336	1.26565069462217	CBL
messenger ribonucleoprotein complex (GO:1990124)	1/7	0.466975380826365	1	0	0	1.6620959029336	1.26565069462217	CPEB1
actin cortical patch (GO:0030479)	1/7	0.466975380826365	1	0	0	1.6620959029336	1.26565069462217	WAS
L-type voltage-gated calcium channel complex (GO:1990454)	1/7	0.466975380826365	1	0	0	1.6620959029336	1.26565069462217	CACNB2
manchette (GO:0002177)	1/7	0.466975380826365	1	0	0	1.6620959029336	1.26565069462217	LRGUK
AIM2 inflammasome complex (GO:0097169)	1/7	0.466975380826365	1	0	0	1.6620959029336	1.26565069462217	CASP4
endocytic patch (GO:0061645)	1/7	0.466975380826365	1	0	0	1.6620959029336	1.26565069462217	WAS
shelterin complex (GO:0070187)	1/7	0.466975380826365	1	0	0	1.6620959029336	1.26565069462217	TERF2
Golgi lumen (GO:0005796)	9/98	0.469010653047777	1	0	0	1.06849022331446	0.808985785240133	VCAN;MUC2;MUC19;GPC3;MUC15;CGA;MUC20;MUC4;MUC5AC
GABA-A receptor complex (GO:1902711)	2/19	0.494837758769999	1	0	0	1.22470224426686	0.861609050793451	GABRR2;GABRG2
striated muscle thin filament (GO:0005865)	2/19	0.494837758769999	1	0	0	1.22470224426686	0.861609050793451	ACTA1;MYBPH
SCF ubiquitin ligase complex (GO:0019005)	5/54	0.500007315344822	1	0	0	1.07728438153104	0.746700870421358	SPSB2;FBXL15;FBXL2;FBXO32;FBXO44
sarcoplasm (GO:0016528)	3/31	0.505125003338496	1	0	0	1.12593593424534	0.768957213279572	AKAP6;THBS1;THBS4
intercalated disc (GO:0014704)	3/31	0.505125003338496	1	0	0	1.12593593424534	0.768957213279572	AKAP6;ANK2;SLC8A1
elongin complex (GO:0070449)	1/8	0.512804792878709	1	0	0	1.4543339150669	0.971291487684719	ELOA
clathrin-sculpted gamma-aminobutyric acid transport vesicle membrane (GO:0061202)	1/8	0.512804792878709	1	0	0	1.4543339150669	0.971291487684719	GAD1
ATP-binding cassette (ABC) transporter complex (GO:0043190)	1/8	0.512804792878709	1	0	0	1.4543339150669	0.971291487684719	ABCD4
Cdc73/Paf1 complex (GO:0016593)	1/8	0.512804792878709	1	0	0	1.4543339150669	0.971291487684719	SETD5
cyclin/CDK positive transcription elongation factor complex (GO:0008024)	1/8	0.512804792878709	1	0	0	1.4543339150669	0.971291487684719	CCNT1
COPI-coated vesicle (GO:0030137)	1/8	0.512804792878709	1	0	0	1.4543339150669	0.971291487684719	AP3B2
lamellipodium membrane (GO:0031258)	1/8	0.512804792878709	1	0	0	1.4543339150669	0.971291487684719	ANTXR1
spherical high-density lipoprotein particle (GO:0034366)	1/8	0.512804792878709	1	0	0	1.4543339150669	0.971291487684719	APOA1
perinuclear endoplasmic reticulum (GO:0097038)	1/8	0.512804792878709	1	0	0	1.4543339150669	0.971291487684719	OSBPL3
clathrin-sculpted gamma-aminobutyric acid transport vesicle (GO:0061200)	1/8	0.512804792878709	1	0	0	1.4543339150669	0.971291487684719	GAD1
G-protein coupled receptor dimeric complex (GO:0038037)	1/8	0.512804792878709	1	0	0	1.4543339150669	0.971291487684719	GABBR2
DNA-directed RNA polymerase II, holoenzyme (GO:0016591)	8/90	0.514528924724419	1	0	0	1.0341930062698	0.68722487874675	POLR2M;SETD5;CDK7;CTDP1;TAF1L;ERCC5;RPRD1A;PPARGC1A
actin filament (GO:0005884)	5/55	0.51661760023395	1	0	0	1.05769739277593	0.698558707002762	ACTA1;ANXA1;RAC2;WAS;RCSD1
ficolin-1-rich granule (GO:0101002)	16/184	0.518817042990558	1	0	0	1.01171054961176	0.663888485507815	MGAM;HSP90AA1;SERPINA1;CR1;SLC11A1;HSPA6;SLC2A3;AMPD3;DOK3;LAMP1;DSC1;CTSD;ARL8A;PGM1;HSPA1B;HSPA1A
nuclear heterochromatin (GO:0005720)	2/20	0.522695279868897	1	0	0	1.16346713205352	0.754807008250381	HIST1H1E;SIRT6
dendrite membrane (GO:0032590)	2/20	0.522695279868897	1	0	0	1.16346713205352	0.754807008250381	INSR;GABRG2
mitochondrial outer membrane (GO:0005741)	10/115	0.532861097063931	1	0	0	1.01171054961176	0.636866221173801	SLC8A3;ATF2;TIGAR;CYP24A1;MAOB;PDE2A;AMBRA1;MIEF1;SPATA18;TOMM20
caveola (GO:0005901)	5/56	0.5329912703579	1	0	0	1.0388099393335	0.653671396644439	NOS3;INSR;CAVIN4;AKAP6;CBL
integral component of mitochondrial outer membrane (GO:0031307)	2/21	0.549499024953328	1	0	0	1.10806393528907	0.663451374902663	MGARP;TOMM20
pigment granule (GO:0048770)	2/21	0.549499024953328	1	0	0	1.10806393528907	0.663451374902663	TYRP1;RAB17
melanosome (GO:0042470)	2/21	0.549499024953328	1	0	0	1.10806393528907	0.663451374902663	TYRP1;RAB17
euchromatin (GO:0000791)	2/21	0.549499024953328	1	0	0	1.10806393528907	0.663451374902663	HIST1H1D;NSMF
tertiary granule (GO:0070820)	14/164	0.551347541840198	1	0	0	0.99320364931398	0.591343442525838	MGAM;CR1;SLC11A1;CRISP3;CYBA;SLC2A3;CHIT1;CEACAM1;DOK3;LAMP1;DSC1;CTSD;ARL8A;PGM1
mitochondrial outer membrane translocase complex (GO:0005742)	1/9	0.554695880231483	1	0	0	1.29274125783724	0.761858029822859	TOMM20
post-mRNA release spliceosomal complex (GO:0071014)	1/9	0.554695880231483	1	0	0	1.29274125783724	0.761858029822859	SYF2
pseudopodium (GO:0031143)	1/9	0.554695880231483	1	0	0	1.29274125783724	0.761858029822859	VAMP7
axon initial segment (GO:0043194)	1/9	0.554695880231483	1	0	0	1.29274125783724	0.761858029822859	SPTBN4
signal recognition particle (GO:0048500)	1/9	0.554695880231483	1	0	0	1.29274125783724	0.761858029822859	DERL1
NMDA selective glutamate receptor complex (GO:0017146)	1/9	0.554695880231483	1	0	0	1.29274125783724	0.761858029822859	GRIN2C
actin-based cell projection (GO:0098858)	6/70	0.564594020994444	1	0	0	0.99725754176016	0.570080631290699	ACTA2;AOC3;ACTA1;ANGPT1;MYO1A;DMD
Golgi-associated vesicle (GO:0005798)	5/58	0.564953469590847	1	0	0	1.00298890694269	0.5727186073835	SERPINA1;TICAM2;TMED7-TICAM2;GOPC;AP3B2
condensed nuclear chromosome (GO:0000794)	3/34	0.568895474649232	1	0	0	1.02658864592958	0.579056115203734	RRS1;AURKC;MLH3
site of double-strand break (GO:0035861)	3/34	0.568895474649232	1	0	0	1.02658864592958	0.579056115203734	ATF2;PARP3;HUS1B
histone acetyltransferase complex (GO:0000123)	2/22	0.575224259703643	1	0	0	1.05769739277593	0.584901684219893	ING4;KANSL2
INO80-type complex (GO:0097346)	2/22	0.575224259703643	1	0	0	1.05769739277593	0.584901684219893	INO80B;INO80
intrinsic component of mitochondrial outer membrane (GO:0031306)	2/22	0.575224259703643	1	0	0	1.05769739277593	0.584901684219893	MGARP;TOMM20
fibrillar center (GO:0001650)	11/131	0.577794159028205	1	0	0	0.976957133785398	0.535897721456382	RPS6KA6;DAB2;STN1;TMEM217;RRS1;ZNF415;PAX5;IP6K1;FHIT;NOP53;JAZF1
coated vesicle (GO:0030135)	6/71	0.57879027696866	1	0	0	0.983211660890298	0.537634965925594	DAB2;SERPINA1;TICAM2;TMED7-TICAM2;AAK1;AP3B2
nuclear matrix (GO:0016363)	5/59	0.580508861910194	1	0	0	0.98598909496061	0.536230378290048	TENM1;KIN;SPTBN4;STAG2;NSMF
dendrite (GO:0030425)	18/215	0.582323888129752	1	0	0	0.974065505905272	0.526704957730715	EPHA4;SKOR1;HTR1E;INSR;KNDC1;NR1D1;PPP1R9A;GABRG2;CALB2;BRINP2;MAP2;TUBB3;MAP1B;ADGRB1;NSMF;APOE;RAB17;BSN
endoplasmic reticulum-Golgi intermediate compartment membrane (GO:0033116)	4/47	0.583534454428173	1	0	0	0.990184793237038	0.533364802530506	MCFD2;SERPINA1;WHAMM;AREG
endocytic vesicle (GO:0030139)	9/108	0.588770456250732	1	0	0	0.969555943377933	0.513592097179501	STX12;CEMIP;HSP90AA1;VAMP7;APOA1;APOE;RAB17;RAB7B;RAB7A
NLRP3 inflammasome complex (GO:0072559)	1/10	0.59298690000774	1	0	0	1.16346713205352	0.608008110852548	CASP4
lateral element (GO:0000800)	1/10	0.59298690000774	1	0	0	1.16346713205352	0.608008110852548	FAM9B
sodium channel complex (GO:0034706)	1/10	0.59298690000774	1	0	0	1.16346713205352	0.608008110852548	SCNN1G
mitotic spindle midzone (GO:1990023)	1/10	0.59298690000774	1	0	0	1.16346713205352	0.608008110852548	OR2A4
Golgi subcompartment (GO:0098791)	40/479	0.600749077370948	1	0	0	0.971580068520684	0.495095770019303	SLC35B3;NAA60;B4GALT1;CHPF;GOLT1A;XYLT1;ZFYVE1;BICD1;PKD1;FUT3;FUT5;RAB41;CNST;CCDC91;MAN2A2;DSEL;GCNT3;INPP5K;ST8SIA5;ST8SIA6;WHAMM;CHST8;SLC35A2;PLK3;MBTPS1;ST6GAL1;GALNT4;CHPF2;NOS3;EDEM1;COG3;WIPI1;HS3ST2;MGAT4C;PIKFYVE;VAMP7;B3GNT6;PRKD1;VAMP4;RAB7B
spindle microtubule (GO:0005876)	4/49	0.617080816769645	1	0	0	0.949769087390628	0.458506041941928	TBL1XR1;BOD1;KLHL21;AURKC
site of DNA damage (GO:0090734)	3/37	0.627329472259321	1	0	0	0.943351728692043	0.439869253586701	ATF2;PARP3;HUS1B
proton-transporting V-type ATPase complex (GO:0033176)	1/11	0.627987072560312	1	0	0	1.05769739277593	0.492078584611411	ATP6V0D2
MLL3/4 complex (GO:0044666)	1/11	0.627987072560312	1	0	0	1.05769739277593	0.492078584611411	KDM6B
axonal growth cone (GO:0044295)	1/11	0.627987072560312	1	0	0	1.05769739277593	0.492078584611411	FLRT3
cytoskeleton (GO:0005856)	43/520	0.629052088449822	1	0	0	0.962097820736564	0.445971991988423	TENM1;ZBTB49;WAS;PPP1R9A;BICD1;RND1;ING4;RASSF1;TUBA1A;PCLO;RAC2;ABL2;MARK4;PGM1;CORIN;SVIL;STN1;MCF2;ALG2;KLHL21;CTNS;INO80;PARVB;TUBG2;RHOF;SYN1;KLHL41;POU6F1;TTC17;DNAJA1;ADCY10;CCNA1;ACTA1;ARC;ADAM17;PARVG;KANSL2;CDC42EP3;MAP7D2;ZNF415;FILIP1;NSMF;DDR2
preribosome (GO:0030684)	6/75	0.633103423741254	1	0	0	0.930773705642816	0.425476657170031	WDR37;NWD2;PPAN-P2RY11;NOB1;RIOK3;RRS1
clathrin-coated vesicle (GO:0030136)	8/100	0.636272164826106	1	0	0	0.930773705642816	0.420829668469883	CEMIP;DAB2;VAMP7;EGF;AAK1;GOPC;VAMP4;EGFR
U4/U6 x U5 tri-snRNP complex (GO:0046540)	2/25	0.64585091501821	1	0	0	0.930773705642816	0.406921776418186	SART1;PRPF3
mitotic spindle pole (GO:0097431)	2/25	0.64585091501821	1	0	0	0.930773705642816	0.406921776418186	STAG2;OR2A4
chromatin (GO:0000785)	24/296	0.648664139722775	1	0	0	0.943351728692043	0.408320551397425	FANK1;HIST2H2AA3;KDM6B;FOXD3;KDM3A;MEF2B;CITED2;AKR1B1;CHD5;NFATC1;NR1D1;KLF4;KLF2;ZEB2;STAG2;HIST3H2A;MAF;POLR3D;NRIP1;HIST1H1D;SNAI2;SMCR8;MXD1;JUNB
Golgi membrane (GO:0000139)	36/442	0.658541672352878	1	0	0	0.947620288550378	0.395847031385956	SLC35B3;NAA60;B4GALT1;CHPF;CABP7;XYLT1;PKD1;FUT3;FUT5;RAB41;MAN2A2;DSEL;GCNT3;ST8SIA5;ST8SIA6;WHAMM;CHST8;SLC35A2;GOLGA8R;MBTPS1;ST6GAL1;GALNT4;CHPF2;NOS3;EDEM1;COG3;GOLGA8J;WIPI1;GOLGA8N;HS3ST2;GOLGA6A;MGAT4C;PIKFYVE;GOLGA6B;B3GNT6;VAMP4
condensed nuclear chromosome, centromeric region (GO:0000780)	1/12	0.659979072366013	1	0	0	0.969555943377933	0.402896211945643	AURKC
integral component of nuclear inner membrane (GO:0005639)	1/12	0.659979072366013	1	0	0	0.969555943377933	0.402896211945643	P2RX5
nuclear exosome (RNase complex) (GO:0000176)	1/12	0.659979072366013	1	0	0	0.969555943377933	0.402896211945643	C1D
node of Ranvier (GO:0033268)	1/12	0.659979072366013	1	0	0	0.969555943377933	0.402896211945643	SPTBN4
neurotransmitter receptor complex (GO:0098878)	1/12	0.659979072366013	1	0	0	0.969555943377933	0.402896211945643	GRID2
ionotropic glutamate receptor complex (GO:0008328)	3/39	0.66312708392926	1	0	0	0.894974716964246	0.367645435208247	GRID2;OLFM2;GRIN2C
cortical actin cytoskeleton (GO:0030864)	4/52	0.664110794277714	1	0	0	0.894974716964246	0.366318776187509	POLR2M;SPTBN4;MYO1A;WAS
nucleolar part (GO:0044452)	12/153	0.672373205635507	1	0	0	0.91252324082629	0.36221855122182	RPS6KA6;DAB2;STN1;TMEM217;RRS1;ZNF415;PAX5;IP6K1;FHIT;NOP53;CDKN2AIP;JAZF1
axon (GO:0030424)	11/141	0.675729478652562	1	0	0	0.907669393800618	0.355772330766647	SETX;EPHA4;CNTF;TGFB2;SEMA6A;FXR2;DSCAM;MAP1B;INSR;SLC38A7;RNF6
condensed chromosome (GO:0000793)	3/40	0.680062707260148	1	0	0	0.87260034904014	0.33644875087664	ESRRB;RRS1;AURKC
MLL1/2 complex (GO:0044665)	2/27	0.687549951237786	1	0	0	0.861827505224829	0.322858505793536	MGA;E2F6
MLL1 complex (GO:0071339)	2/27	0.687549951237786	1	0	0	0.861827505224829	0.322858505793536	MGA;E2F6
endoribonuclease complex (GO:1902555)	1/13	0.689221306183912	1	0	0	0.894974716964246	0.333103199924862	CLP1
clathrin coat of endocytic vesicle (GO:0030128)	1/13	0.689221306183912	1	0	0	0.894974716964246	0.333103199924862	EGFR
AP-2 adaptor complex (GO:0030122)	1/13	0.689221306183912	1	0	0	0.894974716964246	0.333103199924862	EGFR
COPII vesicle coat (GO:0030127)	1/13	0.689221306183912	1	0	0	0.894974716964246	0.333103199924862	PDCD6
chaperonin-containing T-complex (GO:0005832)	1/13	0.689221306183912	1	0	0	0.894974716964246	0.333103199924862	BBS12
heterochromatin (GO:0000792)	3/41	0.696357058554963	1	0	0	0.851317413697697	0.308085587221583	CHD5;HIST1H1E;NOP53
P-body (GO:0000932)	5/68	0.705721852185999	1	0	0	0.855490538274647	0.298167621558283	ZC3H12D;APOBEC3H;SQSTM1;PNRC1;DCP1B
Golgi stack (GO:0005795)	2/28	0.706838885671955	1	0	0	0.8310479514668	0.288334183940951	PLK3;ZFYVE1
tertiary granule lumen (GO:1904724)	4/55	0.707039187729026	1	0	0	0.846157914220741	0.293336875717167	CHIT1;CRISP3;CTSD;PGM1
spindle pole (GO:0000922)	8/107	0.710364323956811	1	0	0	0.869881967890482	0.297479893848839	BEX4;STAG2;CTDP1;BOD1;KLHL21;ABRAXAS2;OR2A4;AURKC
microvillus (GO:0005902)	3/42	0.712014246547014	1	0	0	0.8310479514668	0.282271552044459	AOC3;ANGPT1;MYO1A
endoplasmic reticulum subcompartment (GO:0098827)	1/14	0.715949994747461	1	0	0	0.8310479514668	0.2776904796797	RNF41
platelet dense granule lumen (GO:0031089)	1/14	0.715949994747461	1	0	0	0.8310479514668	0.2776904796797	TIMP3
integral component of peroxisomal membrane (GO:0005779)	1/14	0.715949994747461	1	0	0	0.8310479514668	0.2776904796797	PEX16
dystrophin-associated glycoprotein complex (GO:0016010)	1/14	0.715949994747461	1	0	0	0.8310479514668	0.2776904796797	DMD
endoplasmic reticulum-Golgi intermediate compartment (GO:0005793)	7/95	0.718399345157608	1	0	0	0.857291570986804	0.283531761386919	MCFD2;SERPINA1;TICAM2;ANPEP;TMED7-TICAM2;WHAMM;AREG
specific granule (GO:0042581)	12/160	0.730488472151637	1	0	0	0.87260034904014	0.274033009319597	CHIT1;CEACAM1;TOLLIP;CRISP3;NEU1;TOM1;LCN2;CHI3L1;CYBA;SLC2A3;SLC15A4;CTSD
trans-Golgi network transport vesicle (GO:0030140)	1/15	0.740381077230764	1	0	0	0.775644754702346	0.233151255461943	GOPC
intermediate filament cytoskeleton (GO:0045111)	5/71	0.741094807415657	1	0	0	0.819343050741915	0.245497068095631	ING4;PNN;STN1;CTNS;INO80
spliceosomal tri-snRNP complex (GO:0097526)	2/31	0.75879700196187	1	0	0	0.750623956163561	0.20718796896512	SART1;PRPF3
CHD-type complex (GO:0090545)	1/16	0.762711950910469	1	0	0	0.72716695753345	0.196971233798326	CHD5
NuRD complex (GO:0016581)	1/16	0.762711950910469	1	0	0	0.72716695753345	0.196971233798326	CHD5
tertiary granule membrane (GO:0070821)	5/73	0.762878923098712	1	0	0	0.796895295927068	0.215684449873148	CEACAM1;MGAM;SLC11A1;SLC2A3;CYBA
filopodium (GO:0030175)	4/60	0.769433038808933	1	0	0	0.775644754702346	0.203297536227488	ACTA2;ACTA1;DMD;ANTXR1
endoplasmic reticulum tubular network (GO:0071782)	1/17	0.783123063219704	1	0	0	0.684392430619717	0.167310287429831	RNF41
platelet alpha granule membrane (GO:0031092)	1/17	0.783123063219704	1	0	0	0.684392430619717	0.167310287429831	LHFPL2
DNA-directed RNA polymerase II, core complex (GO:0005665)	1/17	0.783123063219704	1	0	0	0.684392430619717	0.167310287429831	PPARGC1A
peroxisomal part (GO:0044439)	5/75	0.78324827523363	1	0	0	0.775644754702346	0.189494319345302	PEX16;ATAD1;ABCD2;PEX5L;PIPOX
COPII-coated ER to Golgi transport vesicle (GO:0030134)	5/75	0.78324827523363	1	0	0	0.775644754702346	0.189494319345302	MCFD2;SERPINA1;TICAM2;TMED7-TICAM2;AREG
main axon (GO:0044304)	2/33	0.788838292873711	1	0	0	0.705131595183951	0.167252935032436	ROBO2;SPTBN4
clathrin-coated endocytic vesicle membrane (GO:0030669)	2/33	0.788838292873711	1	0	0	0.705131595183951	0.167252935032436	TYRP1;APOE
PML body (GO:0016605)	4/62	0.791280046566915	1	0	0	0.750623956163561	0.175723569742681	ISG20;SPTBN4;SQSTM1;CHFR
AMPA glutamate receptor complex (GO:0032281)	1/18	0.80177936587832	1	0	0	0.646370628918622	0.142797371762517	OLFM2
DNA-directed RNA polymerase III complex (GO:0005666)	1/18	0.80177936587832	1	0	0	0.646370628918622	0.142797371762517	POLR3D
nuclear periphery (GO:0034399)	5/78	0.811223772216825	1	0	0	0.745812264136871	0.156032384342107	TENM1;KIN;SPTBN4;STAG2;NSMF
peroxisome (GO:0005777)	6/92	0.813042141896885	1	0	0	0.758782912208817	0.157047071648985	ABCD4;PXT1;PEX16;ABCD2;PIPOX;DDR2
microbody (GO:0042579)	6/92	0.813042141896885	1	0	0	0.758782912208817	0.157047071648985	ABCD4;PXT1;PEX16;ABCD2;PIPOX;DDR2
clathrin-coated endocytic vesicle (GO:0045334)	3/50	0.815486571398252	1	0	0	0.698080279232112	0.142387660569864	CEMIP;TYRP1;APOE
nucleolus (GO:0005730)	52/676	0.821015137958055	1	0	0	0.894974716964246	0.1765013033169	SETD4;EIF4A2;CDKN1A;NCF2;GORAB;WASHC2C;RBPJ;CHD2;WASHC2A;RPS6KA6;MACROD2;TSPYL2;VCX3A;PIH1D1;DDX10;AEN;REXO4;THAP2;ZNF16;JMJD6;ZEB2;GRWD1;C1D;FRG1;TMEM217;ANG;FAM32A;ZNF554;INO80B;ZCCHC7;XPC;SDAD1;CDKN2AIP;DEDD2;MAP2;MXI1;NRIP1;RRS1;DNAJB9;BCL9L;PLK3;RSPH4A;ISG20;CPS1;PLEKHM1;MDM2;SPATS2L;NANOG;FILIP1;RSL24D1;NOP53;NEK11
nuclear chromosome part (GO:0044454)	29/392	0.827156090423235	1	0	0	0.860728235447757	0.163333389892107	HIST2H2AA3;INO80B;CITED2;AKR1B1;AURKC;HMBOX1;HIST1H3A;NRIP1;HIST1H1D;JUNB;KDM6B;FOXD3;FAM9B;STN1;MEF2B;NFATC1;INO80;NR1D1;KLF4;TERF2;KLF2;MLH3;ZEB2;HIST3H2A;POLR3D;SNAI2;NABP1;LRIF1;MXD1
cortical cytoskeleton (GO:0030863)	3/52	0.835804603517982	1	0	0	0.671231037723184	0.120392281558162	POLR2M;MYO1A;NSMF
nuclear chromosome (GO:0000228)	3/52	0.835804603517982	1	0	0	0.671231037723184	0.120392281558162	SETX;HIST1H3A;RRS1
ficolin-1-rich granule lumen (GO:1904813)	8/123	0.839673417011854	1	0	0	0.756726589953509	0.132232108487748	HSP90AA1;SERPINA1;HSPA6;AMPD3;CTSD;PGM1;HSPA1B;HSPA1A
ruffle membrane (GO:0032587)	3/53	0.845220030236241	1	0	0	0.65856630116237	0.110743386156045	SH3YL1;ADAM17;INPP5K
platelet dense granule (GO:0042827)	1/21	0.848663640004458	1	0	0	0.554031967644533	0.0909124102676722	TIMP3
cytoplasmic dynein complex (GO:0005868)	1/21	0.848663640004458	1	0	0	0.554031967644533	0.0909124102676722	DCTN4
cytoplasmic microtubule (GO:0005881)	2/38	0.84991580180976	1	0	0	0.612351122133431	0.0995793093283198	BCL10;BICD1
chromosome (GO:0005694)	6/97	0.850255327846977	1	0	0	0.71967039096094	0.116743915296379	SETX;HIST1H3A;STAG2;ESRRB;CDYL;AURKC
cytoplasmic vesicle membrane (GO:0030659)	3/54	0.854162933529527	1	0	0	0.646370628918622	0.101889544770959	TMEM184A;TRIM72;SPIRE1
ER to Golgi transport vesicle membrane (GO:0012507)	3/54	0.854162933529527	1	0	0	0.646370628918622	0.101889544770959	MCFD2;PDCD6;AREG
telomerase holoenzyme complex (GO:0005697)	1/22	0.861684530316711	1	0	0	0.528848696387963	0.078727616168944	HMBOX1
integral component of Golgi membrane (GO:0030173)	2/40	0.869483482656385	1	0	0	0.58173356602676	0.0813588957173462	SLC35B3;PCSK7
integral component of mitochondrial membrane (GO:0032592)	3/56	0.870701182721792	1	0	0	0.6232859636001	0.0862979523753961	SCO2;MGARP;TOMM20
microtubule organizing center (GO:0005815)	37/507	0.873499217006674	1	0	0	0.849078577632746	0.114836218350891	CTDP1;DCTN4;NLRC3;ABRAXAS2;TPGS1;BICD1;RELB;CAMSAP2;TAF1D;CIR1;CEP170;MACROD2;MARK4;TAPT1;ZNF365;PLK3;GSDMC;NEK9;CCDC116;BOD1;ERCC6L2;HARBI1;NCKAP5L;C4ORF47;ZNF12;TUBG2;AXIN2;SPATC1;RRAGD;NEK10;ALPK3;LRIF1;CCDC81;KIZ;HSPA1B;HSPA1A;NEK11
cytoplasmic vesicle lumen (GO:0060205)	8/129	0.874463653736926	1	0	0	0.721530004374276	0.0967893161057188	SERPINA3;PCSK1;HSP90AA1;HSPA6;APOA1;S100P;APOE;AMPD3
bicellular tight junction (GO:0005923)	4/72	0.876655245272822	1	0	0	0.646370628918622	0.0850891802528669	CLDN15;UBN1;CLDN2;CLDN1
trans-Golgi network (GO:0005802)	12/185	0.88021228392043	1	0	0	0.754681382953634	0.0962914344597471	CNST;CCDC91;VAMP7;GOLT1A;CABP7;COG3;INPP5K;WIPI1;PRKD1;VAMP4;RAB7B;BICD1
endoplasmic reticulum exit site (GO:0070971)	1/24	0.884463361876939	1	0	0	0.484777971688966	0.0595182221503923	PDCD6
cytoplasmic vesicle (GO:0031410)	14/215	0.892207802656217	1	0	0	0.757606504592989	0.0864097272781516	PRKN;RGS17;CD164L2;SLC30A8;PDCD6;APOA1;RHOF;BICD1;RND3;NKD2;RND1;TH;RAB17;RHCG
specific granule membrane (GO:0035579)	5/91	0.90066208374136	1	0	0	0.639267654974461	0.0668834663093894	CEACAM1;TOM1;SLC2A3;CYBA;SLC15A4
cell cortex part (GO:0044448)	2/44	0.901752996264159	1	0	0	0.528848696387963	0.0546906956911829	SPTBN4;NSMF
condensed chromosome, centromeric region (GO:0000779)	1/26	0.90349256488749	1	0	0	0.447487358482123	0.0454143277474658	AURKC
contractile fiber (GO:0043292)	1/26	0.90349256488749	1	0	0	0.447487358482123	0.0454143277474658	SCO2
nuclear chromosome, telomeric region (GO:0000784)	6/107	0.906540184644671	1	0	0	0.652411475917861	0.0640145620340149	HMBOX1;STN1;NABP1;SIRT6;LRIF1;TERF2
U12-type spliceosomal complex (GO:0005689)	1/27	0.911798018081703	1	0	0	0.430913752612415	0.0397891904586473	RBM41
myofibril (GO:0030016)	1/27	0.911798018081703	1	0	0	0.430913752612415	0.0397891904586473	SCO2
centrosome (GO:0005813)	32/461	0.917383268373462	1	0	0	0.807612759776847	0.0696403958440471	CTDP1;DCTN4;ABRAXAS2;TPGS1;BICD1;AURKC;RELB;CAMSAP2;CIR1;CEP170;MACROD2;MARK4;TAPT1;PLK3;NEK9;CCDC116;BOD1;ERCC6L2;NCKAP5L;C4ORF47;ZNF12;TUBG2;AXIN2;SPATC1;RRAGD;NEK10;ALPK3;CCDC81;KIZ;HSPA1B;HSPA1A;NEK11
brush border membrane (GO:0031526)	1/28	0.919389065427711	1	0	0	0.4155239757334	0.0349230818755943	B4GALT1
centriole (GO:0005814)	5/95	0.919489192062523	1	0	0	0.612351122133431	0.0513989094963976	CCDC146;HSPA6;CEP170;HSPA1B;HSPA1A
microtubule (GO:0005874)	13/210	0.920791234152728	1	0	0	0.720241557937893	0.0594357316643108	BEX4;BOD1;BCL10;TUBG2;BICD1;AURKC;CAMSAP2;TUBA1A;TUBB3;TBL1XR1;MAP1B;KIF21B;TRIM55
intrinsic component of mitochondrial inner membrane (GO:0031304)	1/29	0.926327124654041	1	0	0	0.401195562777076	0.0307026299792473	SCO2
U2-type catalytic step 2 spliceosome (GO:0071007)	1/29	0.926327124654041	1	0	0	0.401195562777076	0.0307026299792473	SYF2
mitotic spindle (GO:0072686)	4/84	0.937744259535024	1	0	0	0.554031967644533	0.035612073225912	STAG2;ALPK3;OR2A4;GEM
vesicle coat (GO:0030120)	1/31	0.938464016602549	1	0	0	0.37531197808178	0.0238363508730703	PDCD6
mitochondrial envelope (GO:0005740)	3/69	0.943058903913734	1	0	0	0.505855274805878	0.029656541424943	GATM;TIMM29;MAOB
focal adhesion (GO:0005925)	23/356	0.943708123262022	1	0	0	0.751678203293004	0.0435509964127151	SVIL;ANXA1;LRP1;TNC;FHL2;CD99L2;PARVB;RND3;EGFR;ICAM1;PROCR;ADAM17;UBOX5;DAB2;FLRT2;PARVG;ADGRB1;RAC2;LPXN;HSPA1B;DDR2;HSPA1A;TGM2
polymeric cytoskeletal fiber (GO:0099513)	13/221	0.948067157162412	1	0	0	0.684392430619717	0.0364986061305085	BEX4;ANXA1;WAS;TUBG2;RCSD1;PNN;ACTA1;TUBA1A;TUBB3;MAP1B;RAC2;KIF21B;TRIM55
integral component of mitochondrial inner membrane (GO:0031305)	1/33	0.948602379265418	1	0	0	0.352565797591976	0.018603330814467	SCO2
transcription factor TFIID complex (GO:0005669)	1/35	0.957071140703372	1	0	0	0.33241918058672	0.0145857402439791	TAF1L
mitochondrial intermembrane space (GO:0005758)	2/57	0.962276185799628	1	0	0	0.408234081422288	0.0156981411447405	GATM;TIMM29
chromosomal region (GO:0098687)	3/76	0.96420428414142	1	0	0	0.459263341600073	0.0167411104125149	MBD5;STAG2;TERF2
microtubule cytoskeleton (GO:0015630)	24/388	0.968977421147773	1	0	0	0.71967039096094	0.0226796700685028	BEX4;GSDMC;LRGUK;CTDP1;HARBI1;ZBTB49;NLRC3;TUBG2;AURKC;DNAJA1;ADCY10;CCNA1;RASSF1;TAF1D;TUBA1A;TUBB3;MAP1B;MAP7D2;ZNF415;KIF21B;LRIF1;MARK4;TRIM55;ZNF365
contractile actin filament bundle (GO:0097517)	1/40	0.972632620424908	1	0	0	0.29086678301338	0.00807121645441855	ACTA1
stress fiber (GO:0001725)	1/40	0.972632620424908	1	0	0	0.29086678301338	0.00807121645441855	ACTA1
anchored component of plasma membrane (GO:0046658)	1/40	0.972632620424908	1	0	0	0.29086678301338	0.00807121645441855	CD160
ribonucleoprotein granule (GO:0035770)	3/80	0.972705007148028	1	0	0	0.43630017452007	0.0120743549041484	ZC3H12D;TUBA1A;FXR2
cytoplasmic stress granule (GO:0010494)	1/41	0.974989365779632	1	0	0	0.283772471232566	0.00718759203066316	RPTOR
polysome (GO:0005844)	2/63	0.97607929669939	1	0	0	0.369354645096355	0.00894261124542499	FXR2;LARP6
microbody lumen (GO:0031907)	1/42	0.97714324853131	1	0	0	0.277015983822267	0.00640516825319152	PIPOX
peroxisomal matrix (GO:0005782)	1/42	0.97714324853131	1	0	0	0.277015983822267	0.00640516825319152	PIPOX
recycling endosome (GO:0055037)	5/119	0.979350841175104	1	0	0	0.488851736156941	0.0102000546390196	TUBA1A;LMTK2;RAB17;TNF;OR2A4
trans-Golgi network membrane (GO:0032588)	3/85	0.980654811558351	1	0	0	0.41063545837183	0.00802166323274638	CABP7;COG3;VAMP4
cytoplasmic ribonucleoprotein granule (GO:0036464)	8/170	0.981932491563724	1	0	0	0.547513944495774	0.00998266781784983	ZC3H12D;RPTOR;FXR2;TUBA1A;APOBEC3H;SQSTM1;PNRC1;DCP1B
spindle (GO:0005819)	9/186	0.982269013914533	1	0	0	0.562967967122671	0.010071532522986	BEX4;CTDP1;TBL1XR1;BOD1;ALPK3;TUBG2;AURKC;GEM;ARL8A
intermediate filament (GO:0005882)	1/46	0.984057457245174	1	0	0	0.252927637402939	0.00406479806896798	PNN
chromosome, telomeric region (GO:0000781)	5/124	0.984729193126958	1	0	0	0.469139972602226	0.00721941040647923	HMBOX1;STN1;NABP1;LRIF1;TERF2
cytosolic large ribosomal subunit (GO:0022625)	2/69	0.984934708220229	1	0	0	0.337236849870585	0.00511923045177954	FXR2;RSL24D1
recycling endosome membrane (GO:0055038)	1/47	0.985430670460712	1	0	0	0.247546198309259	0.00363311288666707	RAB17
microtubule organizing center part (GO:0044450)	5/126	0.986485834281782	1	0	0	0.461693306370444	0.00628194372651698	CCDC146;HSPA6;CEP170;HSPA1B;HSPA1A
actomyosin (GO:0042641)	1/48	0.9866856448859	1	0	0	0.242388985844483	0.00324893005513615	ACTA1
histone methyltransferase complex (GO:0035097)	1/49	0.987832555842857	1	0	0	0.237442271847657	0.00290678574138152	KDM6B
chromosome, centromeric region (GO:0000775)	1/49	0.987832555842857	1	0	0	0.237442271847657	0.00290678574138152	STAG2
large ribosomal subunit (GO:0015934)	2/72	0.988070872656518	1	0	0	0.323185314459311	0.00387849859381313	FXR2;RSL24D1
kinesin complex (GO:0005871)	1/50	0.988880703374642	1	0	0	0.232693426410704	0.00260187972511945	KIF21B
spliceosomal complex (GO:0005681)	4/114	0.990598240215274	1	0	0	0.408234081422288	0.00385627519600338	SYF2;PRPF3;RBM41;WDR83
mitochondrial matrix (GO:0005759)	16/308	0.991535932078633	1	0	0	0.604398510157673	0.00513744267464068	DMGDH;SIRT4;NR3C1;MRM1;MRM3;TP53AIP1;CPS1;SCO2;ERBB4;MTG2;MTHFD2L;NAXD;NAT8L;MRRF;MTRF1L;ISCU
U2-type spliceosomal complex (GO:0005684)	1/60	0.995483429709543	1	0	0	0.193911188675587	0.000877797326012865	SYF2
cytosolic part (GO:0044445)	4/159	0.999592169776233	1	0	0	0.292696133849942	0.000119394677798172	FXR2;BBS12;AHR;RSL24D1
mitochondrion (GO:0005739)	59/1026	0.999816491650915	1	0	0	0.669050300108749	0.00012278758264574	DMGDH;HSCB;TOMM20;BBC3;TP53AIP1;MAP1LC3B;RPS6KA6;RFK;KYNU;CASP4;GLUL;TGM2;GABARAPL1;SDS;SIRT4;HDHD5;HOXB9;WDR81;TST;SCO2;PTRH2;HKDC1;MTHFD2L;ST20-MTHFS;GUF1;MGARP;NAT8L;MTRF1L;MRRF;ISCU;PTGES;PPP1R15A;PRKN;MAOB;XPC;MIEF1;AMBRA1;MRM1;FOXO1;TMEM71;MRM3;POU5F1B;BCL2L13;ADAM28;ERBB4;PTPMT1;GSDMC;FAHD1;ERCC6L2;GLUD2;GATM;PIKFYVE;CYP24A1;MAFF;MSRB3;FAS;MXD1;HSPA1B;HSPA1A
cytosolic ribosome (GO:0022626)	2/124	0.999818944479955	1	0	0	0.18765598904089	3.39792288416199e-05	FXR2;RSL24D1
mitochondrial inner membrane (GO:0005743)	5/341	0.999995318460468	1	0	0	0.170596353673537	7.98655443213922e-07	TIMM29;MTG2;UQCC1;PDE2A;SLC25A52
